filepath,tone,chinese,pinyin,duration_sec
C:\Users\aena zam\Downloads\speaker dataset mandarin\call_to_arms\call_to_arms_0004.wav,4,——几乎是每天，出入于质铺和药店里，,— — jī hū shì měi tiān ， chū rù yú zhí pù hé yào diàn lǐ ，,3.81
C:\Users\aena zam\Downloads\speaker dataset mandarin\call_to_arms\call_to_arms_0020.wav,4,总之那时是用了电影，来显示微生物的形状的，,zǒng zhī nà shí shì yòng liào diàn yǐng ， lái xiǎn shì wēi shēng wù dì xíng zhuà,4.59
C:\Users\aena zam\Downloads\speaker dataset mandarin\call_to_arms\call_to_arms_0025.wav,2,一样是强壮的体格，而显出麻木的神情。,yī yàng shì qiáng zhuàng dì tǐ gé ， ér xiǎn chū má mù dì shén qíng 。,4.01
C:\Users\aena zam\Downloads\speaker dataset mandarin\call_to_arms\call_to_arms_0028.wav,4,因为从那一回以后，我便觉得医学并非一件紧要事，,yīn wèi zòng nuó yī huí yǐ hòu ， wǒ pián jué de yī xué bìng fēi yī jiàn jǐn yào ,5.7
C:\Users\aena zam\Downloads\speaker dataset mandarin\call_to_arms\call_to_arms_0034.wav,1,商量之后，第一步当然是出杂志，,shāng liang zhī hòu ， dì yī bù dāng rán shì chū zá zhì ，,3.85
C:\Users\aena zam\Downloads\speaker dataset mandarin\call_to_arms\call_to_arms_0043.wav,3,我于是以我所感到者为寂寞。,wǒ yú shì yǐ wǒ suǒ gǎn dào zhě wèi jì mò 。,3.95
C:\Users\aena zam\Downloads\speaker dataset mandarin\call_to_arms\call_to_arms_0046.wav,4,就是我决不是一个振臂一呼应者云集的英雄。,jiù shì wǒ jué bù shì yī gè zhèn bì yī hū yìng zhě yún jí dì yīng xióng 。,5.77
C:\Users\aena zam\Downloads\speaker dataset mandarin\call_to_arms\call_to_arms_0047.wav,4,只是我自己的寂寞是不可不驱除的，因为这于我太痛苦。,zhǐ shì wǒ zì jǐ dì jì mò shì bù kě bù qū chú dì ， yīn wèi zhè yú wǒ tài tòng kǔ,5.88
C:\Users\aena zam\Downloads\speaker dataset mandarin\call_to_arms\call_to_arms_0049.wav,4,后来也亲历或旁观过几样更寂寞更悲哀的事，,hòu lái yě qīn lì huò páng guān guo jǐ yàng gèng jì mò gèng bēi āi dì shì ，,4.21
C:\Users\aena zam\Downloads\speaker dataset mandarin\call_to_arms\call_to_arms_0050.wav,1,都为我所不愿追怀，甘心使他们和我的脑一同消灭在泥土里的，,dū wèi wǒ suǒ bù yuàn zhuī huái ， gān xīn shǐ tā men hé wǒ dì nǎo yī tóng xiāo m,5.94
C:\Users\aena zam\Downloads\speaker dataset mandarin\call_to_arms\call_to_arms_0057.wav,4,⑤，将手提的大皮夹放在破桌上，脱下长衫，对面坐下了，,， qiāng shǒu tí dì dài pí jiā fàng zài pò zhuō shàng ， tuō xià cháng shān ， duì ,5.48
C:\Users\aena zam\Downloads\speaker dataset mandarin\call_to_arms\call_to_arms_0062.wav,4,我想，他们许是感到寂寞了，但是说：,wǒ xiǎng ， tā men xǔ shì gǎn dào jì mò liào ， dàn shì shuō ：,5.32
C:\Users\aena zam\Downloads\speaker dataset mandarin\call_to_arms\call_to_arms_0064.wav,4,然而是从昏睡入死灭，并不感到就死的悲哀。,rán ér shì cóng hūn shuì rù sǐ miè ， bìng bù gǎn dào jiù sǐ dì bēi āi 。,4.83
C:\Users\aena zam\Downloads\speaker dataset mandarin\call_to_arms\call_to_arms_0066.wav,3,你倒以为对得起他们么？”,nǐ dào yǐ wéi duì de qǐ tā men me ？,4.48
C:\Users\aena zam\Downloads\speaker dataset mandarin\call_to_arms\call_to_arms_0074.wav,4,但既然是呐喊，则当然须听将令的了，,dàn jì rán shì nà hǎn ， zé dāng rán xū tìng jiāng lìng dì liào ，,3.86
C:\Users\aena zam\Downloads\speaker dataset mandarin\call_to_arms\call_to_arms_0088.wav,4,持归阅一过，知所患盖“迫害狂”之类。,chí guī yuè yī guò ， zhī suǒ huàn gài pò hài kuáng zhī lèi 。,4.66
C:\Users\aena zam\Downloads\speaker dataset mandarin\call_to_arms\call_to_arms_0096.wav,4,还有七八个人，交头接耳的议论我，张着嘴，对我笑了一笑；,hái yǒu qī bā gè rén ， jiāo tóu jiē ěr dì yì lùn wǒ ， zhāng zháo zuǐ ， duì wǒ xi,5.8
C:\Users\aena zam\Downloads\speaker dataset mandarin\call_to_arms\call_to_arms_0103.wav,2,但是小孩子呢？,dàn shì xiǎo hái zi ní ？,1.75
C:\Users\aena zam\Downloads\speaker dataset mandarin\call_to_arms\call_to_arms_0112.wav,4,家里的人都装作不认识我；他们的脸色，也全同别人一样。,jiā lǐ dì rén dū zhuāng zuò bù rèn shi wǒ ； tā men dì liǎn sè ， yě quán tóng bié,5.67
C:\Users\aena zam\Downloads\speaker dataset mandarin\call_to_arms\call_to_arms_0116.wav,4,我插了一句嘴，佃户和大哥便都看我几眼。,wǒ chā liào yī jù zuǐ ， diàn hù hé dà gē pián dū kàn wǒ jī yǎn 。,4.35
C:\Users\aena zam\Downloads\speaker dataset mandarin\call_to_arms\call_to_arms_0120.wav,4,我看出他话中全是毒，笑中全是刀。,wǒ kàn chū tā huà zhōng quán shì dú ， xiào zhòng quán shì dāo 。,4.04
C:\Users\aena zam\Downloads\speaker dataset mandarin\call_to_arms\call_to_arms_0121.wav,4,他们的牙齿，全是白厉厉的排着，这就是吃人的家伙。,tā men dì yá chǐ ， quán shì bái lì lì dì pái zháo ， zhè jiù shì chī rén dì jiā h,5.99
C:\Users\aena zam\Downloads\speaker dataset mandarin\call_to_arms\call_to_arms_0123.wav,1,况且他们一翻脸，便说人是恶人。,kuàng qiě tā men yī fān liǎn ， pián shuō rén shì è rén 。,3.8
C:\Users\aena zam\Downloads\speaker dataset mandarin\call_to_arms\call_to_arms_0127.wav,2,古来时常吃人，我也还记得，可是不甚清楚。,gǔ lái shí cháng chī rén ， wǒ yě huán jì de ， kě shì bù shèn qīng chu 。,4.7
C:\Users\aena zam\Downloads\speaker dataset mandarin\call_to_arms\call_to_arms_0133.wav,1,张着嘴，同那一伙想吃人的人一样。,zhāng zháo zuǐ ， tòng nuó yī huǒ xiǎng chī rén dì rén yī yàng 。,4.18
C:\Users\aena zam\Downloads\speaker dataset mandarin\call_to_arms\call_to_arms_0137.wav,1,知道他们一定不肯放松。果然！,zhī dào tā men yī dìng bù kěn fàng sōng 。 guǒ rán ！,4.24
C:\Users\aena zam\Downloads\speaker dataset mandarin\call_to_arms\call_to_arms_0145.wav,3,养肥了，他们是自然可以多吃；我有什么好处，怎么会“好了”？,yǎng féi liào ， tā men shì zì rán kě yǐ duō chī ； wǒ yǒu shén me hǎo chu ， zěn m,5.6
C:\Users\aena zam\Downloads\speaker dataset mandarin\call_to_arms\call_to_arms_0149.wav,3,但是我有勇气，他们便越想吃我，沾光一点这勇气。,dàn shì wǒ yǒu yǒng qì ， tā men pián yuè xiǎng chī wǒ ， zhān guāng yī diǎn zhè y,5.66
C:\Users\aena zam\Downloads\speaker dataset mandarin\call_to_arms\call_to_arms_0152.wav,4,吃人的是我哥哥！我是吃人的人的兄弟！,chī rén dì shì wǒ gē ge ！ wǒ shì chī rén dì rén dì xiōng dì ！,5.11
C:\Users\aena zam\Downloads\speaker dataset mandarin\call_to_arms\call_to_arms_0156.wav,3,他对我讲书的时候，亲口说过可以“易子而食”⑸；,tā duì wǒ jiǎng shū dì shí hou ， qīn kǒu shuō guo kě yǐ yì zǐ ér shí ；,4.72
C:\Users\aena zam\Downloads\speaker dataset mandarin\call_to_arms\call_to_arms_0160.wav,3,我从前单听他讲道理，也胡涂过去；,wǒ cóng qián dān tīng tā jiǎng dào lǐ ， yě hú tu guò qu ；,3.86
C:\Users\aena zam\Downloads\speaker dataset mandarin\call_to_arms\call_to_arms_0165.wav,3,所以他们大家连络，布满了罗网，逼我自戕。,suǒ yǐ tā men dà jiā lián luò ， bù mǎn liào luó wǎng ， bī wǒ zì qiāng 。,4.41
C:\Users\aena zam\Downloads\speaker dataset mandarin\call_to_arms\call_to_arms_0167.wav,4,最好是解下腰带，挂在梁上，自己紧紧勒死；,zuì hǎo shì jiě xià yāo dài ， guà zài liáng shàng ， zì jǐ jǐn jǐn lēi sǐ ；,5.01
C:\Users\aena zam\Downloads\speaker dataset mandarin\call_to_arms\call_to_arms_0170.wav,1,——记得什么书上说，有一种东西，叫“海乙那”⑺的，,— — jì de shén me shū shàng shuō ， yǒu yī zhǒng dōng xi ， jiào hǎi yǐ nuó dì ，,4.1
C:\Users\aena zam\Downloads\speaker dataset mandarin\call_to_arms\call_to_arms_0173.wav,3,老头子眼看着地，岂能瞒得我过。,lǎo tóu zi yǎn kàn zhuó dì ， qǐ néng mán děi wǒ guo 。,4.75
C:\Users\aena zam\Downloads\speaker dataset mandarin\call_to_arms\call_to_arms_0175.wav,2,还是丧了良心，明知故犯呢？,hái shi sàng liào liáng xīn ， míng zhī gù fàn ní ？,4.24
C:\Users\aena zam\Downloads\speaker dataset mandarin\call_to_arms\call_to_arms_0186.wav,2,“从来如此，便对么？”,cóng lái rú cǐ ， pián duì me ？,3.63
C:\Users\aena zam\Downloads\speaker dataset mandarin\call_to_arms\call_to_arms_0189.wav,1,居然也是一伙；,jū rán yě shì yī huǒ ；,1.71
C:\Users\aena zam\Downloads\speaker dataset mandarin\call_to_arms\call_to_arms_0193.wav,1,这只是一条门槛，一个关头。,zhè zhǐ shì yī tiáo mén kǎn ， yī gè guān tóu 。,3.28
C:\Users\aena zam\Downloads\speaker dataset mandarin\call_to_arms\call_to_arms_0195.wav,4,十大清早，去寻我大哥；,shí dà qīng zǎo ， qù xún wǒ dà gē ；,4.44
C:\Users\aena zam\Downloads\speaker dataset mandarin\call_to_arms\call_to_arms_0206.wav,3,他们会吃我，也会吃你，一伙里面，也会自吃。,tā men kuài chī wǒ ， yě kuài chī nǐ ， yī huǒ lǐ miàn ， yě kuài zì chī 。,5.71
C:\Users\aena zam\Downloads\speaker dataset mandarin\call_to_arms\call_to_arms_0207.wav,4,但只要转一步，只要立刻改了，也就是人人太平。,dàn zhǐ yào zhuàn yī bù ， zhǐ yào lì kè gǎi le ， yě jiù shì rén rén tài píng 。,4.72
C:\Users\aena zam\Downloads\speaker dataset mandarin\call_to_arms\call_to_arms_0208.wav,2,虽然从来如此，我们今天也可以格外要好，说是不能！,suī rán cóng lái rú cǐ ， wǒ men jīn tiān yě kě yǐ gé wài yào hào ， shuō shì bù n,5.59
C:\Users\aena zam\Downloads\speaker dataset mandarin\call_to_arms\call_to_arms_0217.wav,4,这是他们的老谱！,zhè shì tā men dì lǎo pǔ ！,2.9
C:\Users\aena zam\Downloads\speaker dataset mandarin\call_to_arms\call_to_arms_0220.wav,4,那一伙人，都被陈老五赶走了。大哥也不知那里去了。,nuó yī huǒ rén ， dū bèi chén lǎo wǔ gǎn zǒu liào 。 dà gē yě bù zhī nà li qù liào,5.31
C:\Users\aena zam\Downloads\speaker dataset mandarin\call_to_arms\call_to_arms_0221.wav,3,陈老五劝我回屋子里去。屋里面全是黑沉沉的。,chén lǎo wǔ quàn wǒ huí wū zǐ lǐ qù 。 wū lǐ miàn quán shì hēi chēn chēn dì 。,4.89
C:\Users\aena zam\Downloads\speaker dataset mandarin\call_to_arms\call_to_arms_0223.wav,4,万分沉重，动弹不得；他的意思是要我死。,wàn fēn chén zhòng ， dòng tan bu dé ； tā dì yì si shì yào wǒ sǐ 。,5.42
C:\Users\aena zam\Downloads\speaker dataset mandarin\call_to_arms\call_to_arms_0231.wav,2,记得我四五岁时，坐在堂前乘凉，,jì de wǒ sì wǔ suì shí ， zuò zài táng qián chéng liáng ，,3.47
C:\Users\aena zam\Downloads\speaker dataset mandarin\call_to_arms\call_to_arms_0235.wav,2,四千年来时时吃人的地方，今天才明白，我也在其中混了多年；,sì qiān nián lái shí shí chī rén dì dì fang ， jīn tiān cái míng bai ， wǒ yě zài ,5.96
C:\Users\aena zam\Downloads\speaker dataset mandarin\call_to_arms\call_to_arms_0242.wav,4,⑴鲁迅鲁镇的酒店的格局，是和别处不同的：,lǔ xùn lǔ zhèn dì jiǔ diàn dì gé jú ， shì hé bié chù bù tóng dì ：,3.6
C:\Users\aena zam\Downloads\speaker dataset mandarin\call_to_arms\call_to_arms_0244.wav,3,做工的人，傍午傍晚散了工，每每花四文铜钱，买一碗酒，,zuò gōng dì rén ， bàng wǔ bàng wǎn sàn liào gōng ， měi měi huā sì wén tóng qián ,5.95
C:\Users\aena zam\Downloads\speaker dataset mandarin\call_to_arms\call_to_arms_0255.wav,4,掌柜是一副凶脸孔，主顾也没有好声气，教人活泼不得；,zhǎng guì shì yī fù xiōng liǎn kǒng ， zhǔ gù yě méi yǒu hào shēng qì ， jiào rén ,5.69
C:\Users\aena zam\Downloads\speaker dataset mandarin\call_to_arms\call_to_arms_0257.wav,2,孔乙己是站着喝酒而穿长衫的唯一的人。,kǒng yǐ jǐ shì zhàn zhuó hē jiǔ ér chuān cháng shān dì wéi yī dì rén 。,5.29
C:\Users\aena zam\Downloads\speaker dataset mandarin\call_to_arms\call_to_arms_0265.wav,1,孔乙己睁大眼睛说，“你怎么这样凭空污人清白”,kǒng yǐ jǐ zhēng dà yǎn jīng shuō ， nǐ zěn me zhè yàng píng kōng wū rén qīng bái,5.8
C:\Users\aena zam\Downloads\speaker dataset mandarin\call_to_arms\call_to_arms_0266.wav,1,“什么清白？我前天亲眼见你偷了何家的书，吊着打。”,shén me qīng bái ？ wǒ qián tiān qīn yǎn xiàn nǐ tōu liào hé jiā dì shū ， diào zh,5.57
C:\Users\aena zam\Downloads\speaker dataset mandarin\call_to_arms\call_to_arms_0268.wav,2,读书人的事，能算偷么？”,dú shū rén dì shì ， néng suàn tōu me ？,2.48
C:\Users\aena zam\Downloads\speaker dataset mandarin\call_to_arms\call_to_arms_0270.wav,2,听人家背地里谈论，孔乙己原来也读过书，,tìng rén jia bèi dì li tán lùn ， kǒng yǐ jǐ yuán lái yě dú guò shū ，,4.2
C:\Users\aena zam\Downloads\speaker dataset mandarin\call_to_arms\call_to_arms_0278.wav,4,“你怎的连半个秀才也捞不到呢？”,nǐ zěn dì lián bàn ge xiù cai yě lāo bù dào ní ？,4.21
C:\Users\aena zam\Downloads\speaker dataset mandarin\call_to_arms\call_to_arms_0281.wav,4,在这些时候，我可以附和着笑，掌柜是决不责备的。,zài zhè xiē shí hou ， wǒ kě yǐ fù hè zhuó xiào ， zhǎng guì shì jué bù zé bèi dì ,5.03
C:\Users\aena zam\Downloads\speaker dataset mandarin\call_to_arms\call_to_arms_0282.wav,3,而且掌柜见了孔乙己，也每每这样问他，引人发笑。,ér qiě zhǎng guì xiàn liào kǒng yǐ jǐ ， yě měi měi zhè yàng wèn tā ， yǐn rén fā ,5.05
C:\Users\aena zam\Downloads\speaker dataset mandarin\call_to_arms\call_to_arms_0285.wav,4,茴香豆的茴字，怎样写的？”,huí xiāng dòu dì huí zì ， zěn yàng xiě dì ？,4.1
C:\Users\aena zam\Downloads\speaker dataset mandarin\call_to_arms\call_to_arms_0294.wav,2,孩子吃完豆，仍然不散，眼睛都望着碟子。,hái zi chī wán dòu ， réng rán bù sàn ， yǎn jing dū wàng zhuó dié zi 。,4.58
C:\Users\aena zam\Downloads\speaker dataset mandarin\call_to_arms\call_to_arms_0297.wav,4,于是这一群孩子都在笑声里走散了。,yú shì zhè yī qún hái zi dū zài xiào shēng lǐ zǒu sàn liào 。,5.06
C:\Users\aena zam\Downloads\speaker dataset mandarin\call_to_arms\call_to_arms_0308.wav,2,这声音虽然极低，却很耳熟。看时又全没有人。,zhè shēng yīn suī rán jí dī ， què hěn ěr shú 。 kàn shí yòu quán méi yǒu rén 。,5.33
C:\Users\aena zam\Downloads\speaker dataset mandarin\call_to_arms\call_to_arms_0324.wav,4,秋天的后半夜，月亮下去了，太阳还没有出，,qiū tiān dì hòu bàn yè ， yuè liang xià qù liào ， tài yang huán méi yǒu chū ，,4.4
C:\Users\aena zam\Downloads\speaker dataset mandarin\call_to_arms\call_to_arms_0325.wav,4,只剩下一片乌蓝的天；除了夜游的东西，什么都睡着。,zhī shèng xià yī piàn wū lán dì tiān ； chú le yè yóu dì dōng xi ， shén me dū shu,5.66
C:\Users\aena zam\Downloads\speaker dataset mandarin\call_to_arms\call_to_arms_0330.wav,4,老栓接了，抖抖的装入衣袋，又在外面按了两下；,lǎo shuān jiē liào ， dǒu dǒu dì zhuāng rù yī dài ， yòu zài wài miàn àn liào liǎn,4.92
C:\Users\aena zam\Downloads\speaker dataset mandarin\call_to_arms\call_to_arms_0335.wav,3,有时也遇到几只狗，可是一只也没有叫。,yǒu shí yě yù dào jī zhǐ gǒu ， kě shì yī zhǐ yě méi yǒu jiào 。,4.24
C:\Users\aena zam\Downloads\speaker dataset mandarin\call_to_arms\call_to_arms_0337.wav,4,而且路也愈走愈分明，天也愈走愈亮了。,ér qiě lù yě yù zǒu yù fēn míng ， tiān yě yù zǒu yù liàng liào 。,5.32
C:\Users\aena zam\Downloads\speaker dataset mandarin\call_to_arms\call_to_arms_0341.wav,1,老栓又吃一惊，睁眼看时，几个人从他面前过去了。,lǎo shuān yòu chī yī jīng ， zhēng yǎn kàn shí ， jǐ ge rén zòng tā miàn qián guò ,5.18
C:\Users\aena zam\Downloads\speaker dataset mandarin\call_to_arms\call_to_arms_0350.wav,4,仿佛许多鸭，被无形的手捏住了的，向上提着。,fǎng fú xǔ duō yā ， bèi wú xíng dì shǒu niē zhù liào dì ， xiàng shàng tí zhuó 。,5.11
C:\Users\aena zam\Downloads\speaker dataset mandarin\call_to_arms\call_to_arms_0356.wav,2,那人便焦急起来，嚷道，“怕什么？怎的不拿！”,nà rén pián jiāo jí qi lai ， rǎng dào ， pà shén me ？ zěn dì bù ná ！,4.61
C:\Users\aena zam\Downloads\speaker dataset mandarin\call_to_arms\call_to_arms_0359.wav,1,老栓也似乎听得有人问他，但他并不答应；,lǎo shuān yě sì hū tīng dé yǒu rén wèn tā ， dàn tā bìng bù dā ying ；,4.61
C:\Users\aena zam\Downloads\speaker dataset mandarin\call_to_arms\call_to_arms_0363.wav,4,这四个黯淡的金字。二,zhè sì gè àn dàn dì jīn zì 。 èr,4.69
C:\Users\aena zam\Downloads\speaker dataset mandarin\call_to_arms\call_to_arms_0371.wav,4,老栓便把一个碧绿的包，一个红红白白的破灯笼，一同塞在灶里；,lǎo shuān pián bà yī gè bì lǜ dì bāo ， yī gè hóng hóng bái bái de pò dēng lóng ，,5.77
C:\Users\aena zam\Downloads\speaker dataset mandarin\call_to_arms\call_to_arms_0373.wav,4,“好香！你们吃什么点心呀？”这是驼背五少爷到了。,hǎo xiāng ！ nǐ men chī shén me diǎn xin ya ？ zhè shì tuó bèi wǔ shào ye dào liào,5.88
C:\Users\aena zam\Downloads\speaker dataset mandarin\call_to_arms\call_to_arms_0379.wav,4,十分小心的拗开了，焦皮里面窜出一道白气，,shí fēn xiǎo xīn dì niù kāi liào ， jiāo pí lǐ miàn cuàn chū yī dào bái qì ，,5.55
C:\Users\aena zam\Downloads\speaker dataset mandarin\call_to_arms\call_to_arms_0382.wav,4,两人的眼光，都仿佛要在他身上注进什么又要取出什么似的；,liǎng rén dì yǎn guāng ， dū fǎng fú yào zài tā shēn shang zhù jìn shén me yòu yà,6.0
C:\Users\aena zam\Downloads\speaker dataset mandarin\call_to_arms\call_to_arms_0384.wav,1,小栓依他母亲的话，咳着睡了。,xiǎo shuān yī tā mǔ qīn de huà ， ké zháo shuì liào 。,3.5
C:\Users\aena zam\Downloads\speaker dataset mandarin\call_to_arms\call_to_arms_0389.wav,4,“老栓只是忙。要是他的儿子”,lǎo shuān zhǐ shì máng 。 yào shi tā dì ér zi,3.66
C:\Users\aena zam\Downloads\speaker dataset mandarin\call_to_arms\call_to_arms_0400.wav,4,花白胡子一面说，一面走到康大叔面前，低声下气的问道，,huā bái hú zi yī miàn shuō ， yī miàn zǒu dào kāng dà shū miàn qián ， dī shēng xi,5.51
C:\Users\aena zam\Downloads\speaker dataset mandarin\call_to_arms\call_to_arms_0401.wav,1,“康大叔——听说今天结果的一个犯人，便是夏家的孩子，,kāng dà shū — — tīng shuō jīn tiān jié guǒ dì yī gè fàn rén ， biàn shì xià jiā d,5.64
C:\Users\aena zam\Downloads\speaker dataset mandarin\call_to_arms\call_to_arms_0411.wav,4,坐在后排的一个二十多岁的人，很现出气愤模样。,zuò zài hòu pái dì yī gè èr shí duō suì dì rén ， hěn xiàn chū qì fèn mú yàng 。,5.27
C:\Users\aena zam\Downloads\speaker dataset mandarin\call_to_arms\call_to_arms_0413.wav,4,你想：这是人话么？,nǐ xiǎng ： zhè shì rén huà me ？,2.48
C:\Users\aena zam\Downloads\speaker dataset mandarin\call_to_arms\call_to_arms_0416.wav,4,“他这贱骨头打不怕，还要说可怜可怜哩。”,tā zhè jiàn gǔ tou dǎ bù pà ， huán yào shuō kě lián kě lián li 。,5.1
C:\Users\aena zam\Downloads\speaker dataset mandarin\call_to_arms\call_to_arms_0419.wav,4,听着的人的眼光，忽然有些板滞；话也停顿了。,tìng zhuó dì rén dì yǎn guāng ， hū rán yǒu xiē bǎn zhì ； huà yě tíng dùn liào 。,5.09
C:\Users\aena zam\Downloads\speaker dataset mandarin\call_to_arms\call_to_arms_0432.wav,4,三步一歇的走。忽然见华大妈坐在地上看他，便有些踌躇，,sān bù yī xiē dì zǒu 。 hū rán jiàn huá dà mā zuò zài dì shang kàn tā ， pián yǒu ,6.0
C:\Users\aena zam\Downloads\speaker dataset mandarin\call_to_arms\call_to_arms_0434.wav,2,那坟与小栓的坟，一字儿排着，中间只隔一条小路。,nuó fén yù xiǎo shuān dì fén ， yī zì ér pái zhuó ， zhōng jiān zhī gé yī tiáo xiǎ,5.77
C:\Users\aena zam\Downloads\speaker dataset mandarin\call_to_arms\call_to_arms_0440.wav,4,华大妈跟了他指头看去，眼光便到了前面的坟，,huá dà mā gēn liào tā zhǐ tou kàn qù ， yǎn guāng pián dào liào qián miàn dì fén ,5.09
C:\Users\aena zam\Downloads\speaker dataset mandarin\call_to_arms\call_to_arms_0448.wav,4,——亲戚本家早不来了。——这是怎么一回事呢？”,— — qīn qi běn jiā zǎo bù lái liào 。 — — zhè shì zěn me yī huí shì ní ？,5.23
C:\Users\aena zam\Downloads\speaker dataset mandarin\call_to_arms\call_to_arms_0454.wav,1,微风早经停息了；枯草支支直立，有如铜丝。,wēi fēng zǎo jīng tíng xī liào ； kū cǎo zhī zhī zhí lì ， yǒu rú tóng sī 。,5.39
C:\Users\aena zam\Downloads\speaker dataset mandarin\call_to_arms\call_to_arms_0460.wav,4,嘴里自言自语的说，“这是怎么一回事呢？”,zuǐ lǐ zì yán zì yǔ dì shuō ， zhè shì zěn me yī huí shì ní ？,5.66
C:\Users\aena zam\Downloads\speaker dataset mandarin\call_to_arms\call_to_arms_0462.wav,1,一九一九年四月。,yī jiǔ yī jiǔ nián sì yuè 。,4.98
C:\Users\aena zam\Downloads\speaker dataset mandarin\call_to_arms\call_to_arms_0467.wav,4,不上一更，大家便都关门睡觉。,bù shàng yī gèng ， dà jiā pián dū guān mén shuì jiào 。,3.28
C:\Users\aena zam\Downloads\speaker dataset mandarin\call_to_arms\call_to_arms_0469.wav,4,一家便是间壁的单四嫂子，,yī jiā biàn shì jiàn bì dì dān sì sǎo zi ，,2.95
C:\Users\aena zam\Downloads\speaker dataset mandarin\call_to_arms\call_to_arms_0471.wav,1,这几天，确凿没有纺纱的声音了。,zhè jǐ tiān ， què záo méi yǒu fǎng shā dì shēng yīn liào 。,3.31
C:\Users\aena zam\Downloads\speaker dataset mandarin\call_to_arms\call_to_arms_0473.wav,3,没有声音，也只有老拱们听到。,méi yǒu shēng yīn ， yě zhǐ yǒu lǎo gǒng men tīng dào 。,4.18
C:\Users\aena zam\Downloads\speaker dataset mandarin\call_to_arms\call_to_arms_0478.wav,3,——那只有去诊何小仙了。,— — nuó zhǐ yǒu qù zhěn hé xiǎo xiān liào 。,3.13
C:\Users\aena zam\Downloads\speaker dataset mandarin\call_to_arms\call_to_arms_0489.wav,3,何小仙伸开两个指头按脉，指甲足有四寸多长，,hé xiǎo xiān shēn kāi liǎng gè zhǐ tou àn mài ， zhǐ jia zú yǒu sì cùn duō cháng ,4.79
C:\Users\aena zam\Downloads\speaker dataset mandarin\call_to_arms\call_to_arms_0490.wav,4,单四嫂子暗地纳罕，心里计算：宝儿该有活命了。,dān sì sǎo zi àn dì nà hǎn ， xīn li jì suàn ： bǎo ér gāi yǒu huó mìng liào 。,5.45
C:\Users\aena zam\Downloads\speaker dataset mandarin\call_to_arms\call_to_arms_0496.wav,1,单四嫂子接过药方，一面走，一面想。,dān sì sǎo zi jiē guò yào fāng ， yī miàn zǒu ， yī miàn xiǎng 。,4.62
C:\Users\aena zam\Downloads\speaker dataset mandarin\call_to_arms\call_to_arms_0511.wav,4,单四嫂子便接了孩子。幸而不远便是家，,dān sì sǎo zi biàn jiē liào hái zi 。 xìng ér bù yuǎn biàn shì jiā ，,4.06
C:\Users\aena zam\Downloads\speaker dataset mandarin\call_to_arms\call_to_arms_0517.wav,4,他睡了一刻，额上鼻尖都沁出一粒一粒的汗珠，,tā shuì liào yī kè ， é shàng bí jiān dū qìn chū yī lì yī lì dì hàn zhū ，,4.56
C:\Users\aena zam\Downloads\speaker dataset mandarin\call_to_arms\call_to_arms_0522.wav,4,第一个问题是棺木。,dì yī gè wèn tí shì guān mù 。,2.39
C:\Users\aena zam\Downloads\speaker dataset mandarin\call_to_arms\call_to_arms_0526.wav,4,晚上回来，说棺木须得现做，后半夜才成功。,wǎn shang huí lai ， shuō guān mù xū dé xiàn zuò ， hòu bàn yè cái chéng gōng 。,5.07
C:\Users\aena zam\Downloads\speaker dataset mandarin\call_to_arms\call_to_arms_0529.wav,4,宝儿在床上躺着，纺车静静的在地上立着。,bǎo ér zài chuáng shàng tǎng zhuó ， fǎng chē jìng jìng de zài dì shang lì zháo 。,5.58
C:\Users\aena zam\Downloads\speaker dataset mandarin\call_to_arms\call_to_arms_0536.wav,1,听得打门声音，才吃了一吓，跑出去开门。,tīng dé dǎ mén shēng yīn ， cái chī liào yī xià ， pǎo chū qù kāi mén 。,4.89
C:\Users\aena zam\Downloads\speaker dataset mandarin\call_to_arms\call_to_arms_0540.wav,4,昨天烧过一串纸钱，上午又烧了四十九卷《大悲咒》⑸；,zuó tiān shāo guò yī chuàn zhǐ qián ， shàng wǔ yòu shāo liào sì shí jiǔ juǎn dà ,4.99
C:\Users\aena zam\Downloads\speaker dataset mandarin\call_to_arms\call_to_arms_0545.wav,4,凡是动过手开过口的人都吃了饭。,fán shì dòng guò shǒu kāi guò kǒu dì rén dū chī le fàn 。,3.92
C:\Users\aena zam\Downloads\speaker dataset mandarin\call_to_arms\call_to_arms_0553.wav,4,而且也太大了，东西也太空了。,ér qiě yě tài dà liào ， dōng xi yě tài kōng liào 。,4.34
C:\Users\aena zam\Downloads\speaker dataset mandarin\call_to_arms\call_to_arms_0556.wav,1,他一面哭，一面想：,tā yī miàn kū ， yī miàn xiǎng ：,2.61
C:\Users\aena zam\Downloads\speaker dataset mandarin\call_to_arms\call_to_arms_0558.wav,3,卖许多许多钱，——我都给你。”,mài xǔ duō xǔ duō qián ， — — wǒ dū jǐ nǐ 。,4.2
C:\Users\aena zam\Downloads\speaker dataset mandarin\call_to_arms\call_to_arms_0568.wav,4,“我的冤家呀！——可怜你，——孤另另的”,wǒ dì yuān jia ya ！ — — kě lián nǐ ， — — gū lìng lìng dì,4.35
C:\Users\aena zam\Downloads\speaker dataset mandarin\call_to_arms\call_to_arms_0576.wav,4,——老实说，便是教我一天比一天的看不起人。,— — lǎo shi shuō ， biàn shì jiào wǒ yī tiān bì yī tiān dì kàn bù qǐ rén 。,4.37
C:\Users\aena zam\Downloads\speaker dataset mandarin\call_to_arms\call_to_arms_0580.wav,1,花白头发，衣服都很破烂。,huā bái tóu fa ， yī fu dū hěn pò làn 。,3.23
C:\Users\aena zam\Downloads\speaker dataset mandarin\call_to_arms\call_to_arms_0582.wav,1,微风吹着，向外展开，所以终于兜着车把。,wēi fēng chuī zhuó ， xiàng wài zhǎn kāi ， suǒ yǐ zhōng yú dōu zhuó chē bǎ 。,4.97
C:\Users\aena zam\Downloads\speaker dataset mandarin\call_to_arms\call_to_arms_0584.wav,4,伊伏在地上；车夫便也立住脚。,yī fú zài dì shang ； chē fū pián yě lì zhù jué 。,3.54
C:\Users\aena zam\Downloads\speaker dataset mandarin\call_to_arms\call_to_arms_0592.wav,2,这车夫扶着那老女人，便正是向那大门走去。,zhè chē fū fú zhuó nuó lǎo nǚ ren ， pián zhèng shì xiàng nuó dà mén zǒu qù 。,5.12
C:\Users\aena zam\Downloads\speaker dataset mandarin\call_to_arms\call_to_arms_0594.wav,4,而且愈走愈大，须仰视才见。,ér qiě yù zǒu yù dài ， xū yǎng shì cái xiàn 。,3.26
C:\Users\aena zam\Downloads\speaker dataset mandarin\call_to_arms\call_to_arms_0596.wav,4,我的活力这时大约有些凝滞了，坐着没有动，也没有想，,wǒ dì huó lì zhè shí dà yuē yǒu xiē níng zhì liào ， zuò zhuó méi yǒu dòng ， yě m,5.41
C:\Users\aena zam\Downloads\speaker dataset mandarin\call_to_arms\call_to_arms_0597.wav,4,直到看见分驻所里走出一个巡警，才下了车。,zhí dào kàn jiàn fēn zhù suǒ lǐ zǒu chū yī gè xún jǐng ， cái xià liào jū 。,5.14
C:\Users\aena zam\Downloads\speaker dataset mandarin\call_to_arms\call_to_arms_0598.wav,3,巡警走近我说，“你自己雇车罢，他不能拉你了。”,xún jǐng zǒu jìn wǒ shuō ， nǐ zì jǐ gù chē ba ， tā bù néng lā nǐ liào 。,5.22
C:\Users\aena zam\Downloads\speaker dataset mandarin\call_to_arms\call_to_arms_0603.wav,3,我因此也时时煞了苦痛，努力的要想到我自己。,wǒ yīn cǐ yě shí shí shà liào kǔ tòng ， nǔ lì dì yào xiǎng dào wǒ zì jǐ 。,5.16
C:\Users\aena zam\Downloads\speaker dataset mandarin\call_to_arms\call_to_arms_0605.wav,4,独有这一件小事，却总是浮在我眼前，,dú yǒu zhè yī jiàn xiǎo shì ， què zǒng shì fú zài wǒ yǎn qián ，,3.61
C:\Users\aena zam\Downloads\speaker dataset mandarin\call_to_arms\call_to_arms_0607.wav,1,一九二○年七月。,yī jiǔ èr líng nián qī yuè 。,5.07
C:\Users\aena zam\Downloads\speaker dataset mandarin\call_to_arms\call_to_arms_0615.wav,4,“我也是忘却了纪念的一个人。,wǒ yě shì wàng què liào jì niàn dì yī gè rén 。,2.37
C:\Users\aena zam\Downloads\speaker dataset mandarin\call_to_arms\call_to_arms_0622.wav,3,“我们的很古的古人，对于头发似乎也还看轻。,wǒ men dì hěn gǔ dì gǔ rén ， duì yú tóu fa sì hū yě huán kàn qīng 。,4.6
C:\Users\aena zam\Downloads\speaker dataset mandarin\call_to_arms\call_to_arms_0623.wav,4,据刑法看来，最要紧的自然是脑袋，所以大辟是上刑；,jù xíng fǎ kàn lai ， zuì yào jǐn dì zì rán shì nǎo dài ， suǒ yǐ dà pì shì shàng ,5.69
C:\Users\aena zam\Downloads\speaker dataset mandarin\call_to_arms\call_to_arms_0637.wav,2,我的母亲倒也不说什么，然而旁人一见面，便都首先研究这辫子，,wǒ dì mǔ qīn dǎo yě bù shuō shén me ， rán ér páng rén yī jiàn miàn ， pián dū shǒ,5.69
C:\Users\aena zam\Downloads\speaker dataset mandarin\call_to_arms\call_to_arms_0639.wav,4,但后来因为恐怕革命党的造反或者要成功，这才中止了。,dàn hòu lái yīn wèi kǒng pà gé mìng dǎng dì zào fǎn huò zhě yào chéng gōng ， zhè,5.54
C:\Users\aena zam\Downloads\speaker dataset mandarin\call_to_arms\call_to_arms_0642.wav,4,“我于是不穿洋服了，改了大衫，他们骂得更利害。,wǒ yú shì bù chuān yáng fú liào ， gǎi le dà shān ， tā men mà děi gèng lì hai 。,5.43
C:\Users\aena zam\Downloads\speaker dataset mandarin\call_to_arms\call_to_arms_0644.wav,4,他们渐渐的不骂了。只是走到没有打过的生地方还是骂。,tā men jiàn jiàn dì bù mà liào 。 zhǐ shì zǒu dào méi yǒu dǎ guò dì shēng dì fang,5.74
C:\Users\aena zam\Downloads\speaker dataset mandarin\call_to_arms\call_to_arms_0645.wav,4,“这件事很使我悲哀，至今还时时记得哩。,zhè jiàn shì hěn shǐ wǒ bēi āi ， zhì jīn huán shí shí jì de li 。,4.52
C:\Users\aena zam\Downloads\speaker dataset mandarin\call_to_arms\call_to_arms_0648.wav,1,他拿起手杖来说，这便是他们的话，他们都懂！,tā ná qǐ shǒu zhàng lái shuō ， zhè biàn shì tā men de huà ， tā men dū dǒng ！,5.04
C:\Users\aena zam\Downloads\speaker dataset mandarin\call_to_arms\call_to_arms_0657.wav,2,晚上便开除了六个学生。,wǎn shang pián kāi chú liào liù gè xué sheng 。,2.64
C:\Users\aena zam\Downloads\speaker dataset mandarin\call_to_arms\call_to_arms_0665.wav,4,“我要借了阿尔志跋绥夫⑾的话问你们：,wǒ yào jiè liào ā ěr zhì bá suī fū de huà wèn nǐ men ：,3.16
C:\Users\aena zam\Downloads\speaker dataset mandarin\call_to_arms\call_to_arms_0673.wav,4,临河的土场上，太阳渐渐的收了他通黄的光线了。,lín hé dì tǔ cháng shàng ， tài yang jiàn jiàn dì shōu liào tā tōng huáng dì guān,5.19
C:\Users\aena zam\Downloads\speaker dataset mandarin\call_to_arms\call_to_arms_0675.wav,1,面河的农家的烟突里，逐渐减少了炊烟，,miàn hé dì nóng jiā dì yān tū lǐ ， zhú jiàn jiǎn shǎo liào chuī yān ，,3.87
C:\Users\aena zam\Downloads\speaker dataset mandarin\call_to_arms\call_to_arms_0678.wav,4,孩子飞也似的跑，或者蹲在乌桕树下赌玩石子。,hái zi fēi yě sì dì pǎo ， huò zhě dūn zài wū jiù shù xià dǔ wán shí zǐ 。,5.19
C:\Users\aena zam\Downloads\speaker dataset mandarin\call_to_arms\call_to_arms_0683.wav,4,“我活到七十九岁了，活够了，不愿意眼见这些败家相，,wǒ huó dào qī shí jiǔ suì liào ， huó gòu liào ， bù yuàn yì yǎn jiàn zhè xiē bài ,5.88
C:\Users\aena zam\Downloads\speaker dataset mandarin\call_to_arms\call_to_arms_0692.wav,4,“这真是一代不如一代！”,zhè zhēn shi yī dài bù rú yī dài ！,3.78
C:\Users\aena zam\Downloads\speaker dataset mandarin\call_to_arms\call_to_arms_0697.wav,1,七斤虽然住在农村，却早有些飞黄腾达的意思。,qī jīn suī rán zhù zài nóng cūn ， què zǎo yǒu xiē fēi huáng téng dá dì yì si 。,4.64
C:\Users\aena zam\Downloads\speaker dataset mandarin\call_to_arms\call_to_arms_0700.wav,4,他在村人里面，的确已经是一名出场人物了。,tā zài cūn rén lǐ miàn ， dí què yǐ jīng shì yī míng chū chǎng rén wù liào 。,4.65
C:\Users\aena zam\Downloads\speaker dataset mandarin\call_to_arms\call_to_arms_0715.wav,4,因为有学问，所以又有些遗老的臭味。,yīn wèi yǒu xué wèn ， suǒ yǐ yòu yǒu xiē yí lǎo dì chòu wèi 。,4.3
C:\Users\aena zam\Downloads\speaker dataset mandarin\call_to_arms\call_to_arms_0718.wav,4,革命以后，他便将辫子盘在顶上，像道士一般；,gé mìng yǐ hòu ， tā pián qiāng biàn zi pán zài dǐng shàng ， xiàng dào shì yī bān,4.69
C:\Users\aena zam\Downloads\speaker dataset mandarin\call_to_arms\call_to_arms_0724.wav,4,这一定又是于他有庆，于他的仇家有殃了。,zhè yī dìng yòu shì yú tā yǒu qìng ， yú tā dì chóu jiā yǒu yāng liào 。,5.34
C:\Users\aena zam\Downloads\speaker dataset mandarin\call_to_arms\call_to_arms_0743.wav,2,赵七爷摇头道，,zhào qī yé yáo tóu dào ，,2.08
C:\Users\aena zam\Downloads\speaker dataset mandarin\call_to_arms\call_to_arms_0747.wav,4,从前是绢光乌黑的辫子，现在弄得僧不僧道不道的。,cóng qián shì juàn guāng wū hēi dì biàn zi ， xiàn zài lòng děi sēng bù sēng dào ,4.46
C:\Users\aena zam\Downloads\speaker dataset mandarin\call_to_arms\call_to_arms_0754.wav,3,况且衙门里的大老爷也还没有告示，”,kuàng qiě yá men lǐ dì dà lǎo yé yě huán méi yǒu gào shi ，,4.72
C:\Users\aena zam\Downloads\speaker dataset mandarin\call_to_arms\call_to_arms_0757.wav,1,六斤刚吃完一大碗饭，拿了空碗，伸手去嚷着要添。,liù jīn gāng chī wán yī dà wǎn fàn ， ná liào kōng wǎn ， shēn shǒu qù rǎng zhuó y,4.95
C:\Users\aena zam\Downloads\speaker dataset mandarin\call_to_arms\call_to_arms_0769.wav,4,赵七爷也跟着走去，众人一面怪八一嫂多事，一面让开路，,zhào qī yé yě gēn zhe zǒu qù ， zhòng rén yī miàn guài bā yī sǎo duō shì ， yī mià,5.79
C:\Users\aena zam\Downloads\speaker dataset mandarin\call_to_arms\call_to_arms_0770.wav,4,几个剪过辫子重新留起的便赶快躲在人丛后面，怕他看见。,jǐ ge jiǎn guò biàn zi chóng xīn liú qǐ dì pián gǎn kuài duǒ zài rén cóng hòu mi,5.93
C:\Users\aena zam\Downloads\speaker dataset mandarin\call_to_arms\call_to_arms_0772.wav,4,跨上独木桥，扬长去了。,kuà shàng dú mù qiáo ， yáng cháng qù liào 。,4.64
C:\Users\aena zam\Downloads\speaker dataset mandarin\call_to_arms\call_to_arms_0777.wav,4,他们也就慢慢地走散回家，关上门去睡觉。,tā men yě jiù màn màn dì zǒu sàn huí jiā ， guān shàng mén qù shuì jiào 。,4.66
C:\Users\aena zam\Downloads\speaker dataset mandarin\call_to_arms\call_to_arms_0779.wav,1,七斤将破碗拿回家里，坐在门槛上吸烟；,qī jīn qiāng pò wǎn ná huí jiā lǐ ， zuò zài mén kǎn shàng xī yān ；,4.1
C:\Users\aena zam\Downloads\speaker dataset mandarin\call_to_arms\call_to_arms_0790.wav,2,七斤嫂也没有好声气，还时常叫他“囚徒”。,qī jīn sǎo yě méi yǒu hào shēng qì ， huán shí cháng jiào tā qiú tú 。,4.8
C:\Users\aena zam\Downloads\speaker dataset mandarin\call_to_arms\call_to_arms_0804.wav,1,我的心禁不住悲凉起来了。,wǒ dì xīn jīn bu zhù bēi liáng qi lai liào 。,4.43
C:\Users\aena zam\Downloads\speaker dataset mandarin\call_to_arms\call_to_arms_0814.wav,3,几房的本家大约已经搬走了，所以很寂静。,jī fáng dì běn jiā dà yuē yǐ jīng bān zǒu liào ， suǒ yǐ hěn jì jìng 。,4.53
C:\Users\aena zam\Downloads\speaker dataset mandarin\call_to_arms\call_to_arms_0819.wav,4,此外须将家里所有的木器卖去，再去增添。,cǐ wài xū qiāng jiā lǐ suǒ yǒu dì mù qì mài qù ， zài qù zēng tiān 。,5.04
C:\Users\aena zam\Downloads\speaker dataset mandarin\call_to_arms\call_to_arms_0826.wav,4,反从他的胯下逃走了。这少年便是闰土。,fǎn cóng tā dì kuà xià táo zǒu liào 。 zhè shào nián biàn shì rùn tǔ 。,5.57
C:\Users\aena zam\Downloads\speaker dataset mandarin\call_to_arms\call_to_arms_0827.wav,4,我认识他时，也不过十多岁，离现在将有三十年了；,wǒ rèn shi tā shí ， yě bù guò shí duō suì ， lí xiàn zài qiāng yǒu sān shí nián l,5.25
C:\Users\aena zam\Downloads\speaker dataset mandarin\call_to_arms\call_to_arms_0828.wav,4,那时我的父亲还在世，家景也好，我正是一个少爷。,nà shí wǒ dì fù qīn huán zài shì ， jiā jǐng yě hǎo ， wǒ zhèng shì yī gè shào ye ,5.69
C:\Users\aena zam\Downloads\speaker dataset mandarin\call_to_arms\call_to_arms_0836.wav,4,新年到，闰土也就到了。,xīn nián dào ， rùn tǔ yě jiù dào liào 。,3.3
C:\Users\aena zam\Downloads\speaker dataset mandarin\call_to_arms\call_to_arms_0847.wav,3,晚上我和爹管西瓜去，你也去。”“管贼么？”,wǎn shang wǒ hé diē guǎn xī guā qù ， nǐ yě qù 。 guǎn zéi me ？,5.87
C:\Users\aena zam\Downloads\speaker dataset mandarin\call_to_arms\call_to_arms_0860.wav,4,但从此没有再见面。,dàn cóng cǐ méi yǒu zài jiàn miàn 。,2.86
C:\Users\aena zam\Downloads\speaker dataset mandarin\call_to_arms\call_to_arms_0872.wav,4,“这是斜对门的杨二嫂，开豆腐店的。”哦，我记得了。,zhè shì xié duì mén dì yáng èr sǎo ， kāi dòu fǔ diàn dì 。 o ， wǒ jì de liào 。,5.9
C:\Users\aena zam\Downloads\speaker dataset mandarin\call_to_arms\call_to_arms_0875.wav,4,那时人说：因为伊，这豆腐店的买卖非常好。,nà shí rén shuō ： yīn wèi yī ， zhè dòu fǔ diàn dì mǎi mài fēi cháng hào 。,4.78
C:\Users\aena zam\Downloads\speaker dataset mandarin\call_to_arms\call_to_arms_0884.wav,4,圆规一面愤愤的回转身，一面絮絮的说，慢慢向外走，,yuán guī yī miàn fèn fèn dì huí zhuǎn shēn ， yī miàn xù xu dì shuō ， màn màn xià,5.27
C:\Users\aena zam\Downloads\speaker dataset mandarin\call_to_arms\call_to_arms_0889.wav,4,虽然我一见便知道是闰土，但又不是我这记忆上的闰土了。,suī rán wǒ yī jiàn pián zhī dào shì rùn tǔ ， dàn yòu bù shì wǒ zhè jì yì shàng d,5.8
C:\Users\aena zam\Downloads\speaker dataset mandarin\call_to_arms\call_to_arms_0891.wav,1,眼睛也像他父亲一样，周围都肿得通红，,yǎn jing yě xiàng tā fù qīn yī yàng ， zhōu wéi dū zhǒng dé tōng hóng ，,4.08
C:\Users\aena zam\Downloads\speaker dataset mandarin\call_to_arms\call_to_arms_0898.wav,2,脸上现出欢喜和凄凉的神情；动着嘴唇，却没有作声。,liǎn shàng xiàn chū huān xǐ hé qī liáng dì shén qíng ； dòng zháo zuǐ chún ， què ,5.86
C:\Users\aena zam\Downloads\speaker dataset mandarin\call_to_arms\call_to_arms_0913.wav,4,什么地方都要钱，没有规定收成又坏。,shén me dì fang dū yào qián ， méi yǒu guī dìng shōu chéng yòu huài 。,5.81
C:\Users\aena zam\Downloads\speaker dataset mandarin\call_to_arms\call_to_arms_0925.wav,4,又过了九日，是我们启程的日期。闰土早晨便到了，,yòu guo liào jiǔ rì ， shì wǒ men qǐ chéng dì rì qī 。 rùn tǔ zǎo chén pián dào li,5.55
C:\Users\aena zam\Downloads\speaker dataset mandarin\call_to_arms\call_to_arms_0942.wav,4,但我们的后辈还是一气，宏儿不是正在想念水生么。,dàn wǒ men dì hòu bèi hái shi yī qì ， hóng ér bù shì zhèng zài xiǎng niàn shuǐ s,5.44
C:\Users\aena zam\Downloads\speaker dataset mandarin\call_to_arms\call_to_arms_0943.wav,4,我希望他们不再像我，又大家隔膜起来,wǒ xī wàng tā men bù zài xiàng wǒ ， yòu dà jiā gé mó qi lai,4.73
C:\Users\aena zam\Downloads\speaker dataset mandarin\call_to_arms\call_to_arms_0944.wav,4,然而我又不愿意他们因为要一气，都如我的辛苦展转而生活，,rán ér wǒ yòu bù yuàn yì tā men yīn wèi yào yī qì ， dū rú wǒ dì xīn kǔ zhǎn zhuǎ,5.72
C:\Users\aena zam\Downloads\speaker dataset mandarin\call_to_arms\call_to_arms_0967.wav,2,谁料博雅如此公，竟也茫然，,shuí liào bó yǎ rú cǐ gōng ， jìng yě máng rán ，,3.08
C:\Users\aena zam\Downloads\speaker dataset mandarin\call_to_arms\call_to_arms_0972.wav,4,但可惜这姓是不甚可靠的，因此籍贯也就有些决不定。,dàn kě xī zhè xìng shì bù shèn kě kào dì ， yīn cǐ jí guàn yě jiù yǒu xiē jué bù ,5.85
C:\Users\aena zam\Downloads\speaker dataset mandarin\call_to_arms\call_to_arms_0973.wav,2,他虽然多住未庄，然而也常常宿在别处，不能说是未庄人，,tā suī rán duō zhù wèi zhuāng ， rán ér yě cháng cháng sù zài bié chù ， bù néng s,5.56
C:\Users\aena zam\Downloads\speaker dataset mandarin\call_to_arms\call_to_arms_0974.wav,3,即使说是“未庄人也”，也仍然有乖史法的。,jí shǐ shuō shì wèi zhuāng rén yě ， yě réng rán yǒu guāi shǐ fǎ dì 。,4.99
C:\Users\aena zam\Downloads\speaker dataset mandarin\call_to_arms\call_to_arms_0981.wav,4,他想：这是错的，可笑！,tā xiǎng ： zhè shì cuò dì ， kě xiào ！,3.19
C:\Users\aena zam\Downloads\speaker dataset mandarin\call_to_arms\call_to_arms_0986.wav,4,于是他渐渐的变换了方针，大抵改为怒目而视了。,yú shì tā jiàn jiàn dì biàn huàn liào fāng zhēn ， dà dǐ gǎi wéi nù mù ér shì lià,5.85
C:\Users\aena zam\Downloads\speaker dataset mandarin\call_to_arms\call_to_arms_0988.wav,2,闲人还不完，只撩他，于是终而至于打。,xián rén huán bù wán ， zhī liáo tā ， yú shì zhōng ér zhì yú dǎ 。,4.5
C:\Users\aena zam\Downloads\speaker dataset mandarin\call_to_arms\call_to_arms_0989.wav,4,还不放么？”,huán bù fàng me ？,3.12
C:\Users\aena zam\Downloads\speaker dataset mandarin\call_to_arms\call_to_arms_0994.wav,1,“穿堂一百——一百五十！”,chuān táng yī bǎi — — yī bǎi wǔ shí ！,4.3
C:\Users\aena zam\Downloads\speaker dataset mandarin\call_to_arms\call_to_arms_1004.wav,4,他这回才有些感到失败的苦痛了。,tā zhè huí cái yǒu xiē gǎn dào shī bài dì kǔ tòng liào 。,4.44
C:\Users\aena zam\Downloads\speaker dataset mandarin\call_to_arms\call_to_arms_1011.wav,4,这时候，他又觉得赵太爷高人一等了。,zhè shí hòu ， tā yòu jué de zhào tài yé gāo rén yī děng liào 。,4.68
C:\Users\aena zam\Downloads\speaker dataset mandarin\call_to_arms\call_to_arms_1014.wav,1,这可难解，穿凿起来说，,zhè kè nán jiě ， chuān záo qi lai shuō ，,2.84
C:\Users\aena zam\Downloads\speaker dataset mandarin\call_to_arms\call_to_arms_1015.wav,3,否则，也如孔庙里的太牢④一般，,fǒu zé ， yě rú kǒng miào lǐ dì tài láo yī bān ，,2.87
C:\Users\aena zam\Downloads\speaker dataset mandarin\call_to_arms\call_to_arms_1020.wav,2,他很想寻一两个大的，然而竟没有，,tā hěn xiǎng xún yī liǎng gè dài dì ， rán ér jìng méi yǒu ，,3.29
C:\Users\aena zam\Downloads\speaker dataset mandarin\call_to_arms\call_to_arms_1023.wav,2,“癞皮狗，你骂谁？”王胡轻蔑的抬起眼来说。,lài pí gǒu ， nǐ mà shéi ？ wáng hú qīng miè dì tái qǐ yǎn lái shuō 。,5.36
C:\Users\aena zam\Downloads\speaker dataset mandarin\call_to_arms\call_to_arms_1027.wav,4,很意外，,hěn yì wài ，,1.28
C:\Users\aena zam\Downloads\speaker dataset mandarin\call_to_arms\call_to_arms_1038.wav,3,小尼姑全不睬，低了头只是走。,xiǎo ní gū quán bù cǎi ， dī liào tou zhǐ shì zǒu 。,3.88
C:\Users\aena zam\Downloads\speaker dataset mandarin\call_to_arms\call_to_arms_1051.wav,2,仿佛比平常滑腻些。,fǎng fú bì píng cháng huá nì xiē 。,3.6
C:\Users\aena zam\Downloads\speaker dataset mandarin\call_to_arms\call_to_arms_1054.wav,4,而“若敖之鬼馁而”⑧，也是一件人生的大哀，,ér ruò áo zhī guǐ něi ér ， yě shì yī jiàn rén shēng dì dà āi ，,4.18
C:\Users\aena zam\Downloads\speaker dataset mandarin\call_to_arms\call_to_arms_1057.wav,3,所以他从此总有些飘飘然；“女”他想。,suǒ yǐ tā cóng cǐ zǒng yǒu xiē piāo piāo rán ； rǔ tā xiǎng 。,5.11
C:\Users\aena zam\Downloads\speaker dataset mandarin\call_to_arms\call_to_arms_1058.wav,3,即此一端，我们便可以知道女人是害人的东西。,jí cǐ yī duān ， wǒ men pián kě yǐ zhī dào nǚ ren shì hài rén dì dōng xi 。,5.68
C:\Users\aena zam\Downloads\speaker dataset mandarin\call_to_arms\call_to_arms_1063.wav,4,一男一女在那里讲话，一定要有勾当了。,yī nán yī nǚ zài nà li jiǎng huà ， yī dìng yào yǒu gòu dàng liào 。,4.23
C:\Users\aena zam\Downloads\speaker dataset mandarin\call_to_arms\call_to_arms_1071.wav,3,倘在别家，吃过晚饭本可以回去的了，,tǎng zài bié jiā ， chī guo wǎn fàn běn kě yǐ huí qu dì liào ，,3.75
C:\Users\aena zam\Downloads\speaker dataset mandarin\call_to_arms\call_to_arms_1073.wav,2,还坐在厨房里吸烟旱。吴妈，是赵太爷家里唯一的女仆，,huán zuò zài chú fáng lǐ xī yān hàn 。 wú mā ， shì zhào tài yé jiā lǐ wéi yī dì n,5.61
C:\Users\aena zam\Downloads\speaker dataset mandarin\call_to_arms\call_to_arms_1077.wav,4,“你反了，你这”大竹杠又向他劈下来了。,nǐ fǎn liào ， nǐ zhè dài zhú gāng yòu xiàng tā pǐ xià lai liào 。,5.26
C:\Users\aena zam\Downloads\speaker dataset mandarin\call_to_arms\call_to_arms_1080.wav,4,但这时，他那“女”的思想却也没有了。,dàn zhè shí ， tā nuó rǔ dì sī xiǎng què yě méi yǒu liào 。,4.63
C:\Users\aena zam\Downloads\speaker dataset mandarin\call_to_arms\call_to_arms_1085.wav,4,“你到外面来，不要躲在自己房里想”,nǐ dào wài miàn lái ， bù yào duǒ zài zì jǐ fáng lǐ xiǎng,3.9
C:\Users\aena zam\Downloads\speaker dataset mandarin\call_to_arms\call_to_arms_1088.wav,1,这时他猛然间看见赵大爷向他奔来，而且手里捏着一支大竹杠。,zhè shí tā měng rán jiān kàn jiàn zhào dà ye xiàng tā bēn lái ， ér qiě shǒu lǐ n,5.96
C:\Users\aena zam\Downloads\speaker dataset mandarin\call_to_arms\call_to_arms_1092.wav,4,因为虽在春季，而夜间颇有余寒，尚不宜于赤膊。,yīn wèi suī zài chūn jì ， ér yè jiān pō yǒu yú hán ， shàng bù yí yú chì bó 。,5.46
C:\Users\aena zam\Downloads\speaker dataset mandarin\call_to_arms\call_to_arms_1097.wav,4,那破布衫是大半做了少奶奶八月间生下来的孩子的衬尿布，,nà pò bù shān shì dà bàn zuò liào shào nǎi nai bā yuè jiān shēng xià lai dì hái ,5.18
C:\Users\aena zam\Downloads\speaker dataset mandarin\call_to_arms\call_to_arms_1099.wav,4,他仔细一想，终于省悟过来：其原因盖在自己的赤膊。,tā zǐ xì yī xiǎng ， zhōng yú xǐng wù guò lai ： qí yuán yīn gài zài zì jǐ dì chì ,5.6
C:\Users\aena zam\Downloads\speaker dataset mandarin\call_to_arms\call_to_arms_1105.wav,4,其二，管土谷祠的老头子说些废话，似乎叫他走；,qí èr ， guǎn tǔ gǔ cí dì lǎo tóu zi shuō xiē fèi huà ， sì hū jiào tā zǒu ；,5.26
C:\Users\aena zam\Downloads\speaker dataset mandarin\call_to_arms\call_to_arms_1117.wav,2,于是他决计出门求食去了。,yú shì tā jué jì chū mén qiú shí qù liào 。,3.85
C:\Users\aena zam\Downloads\speaker dataset mandarin\call_to_arms\call_to_arms_1119.wav,4,而且并不想要。他所求的不是这类东西了；,ér qiě bìng bù xiǎng yào 。 tā suǒ qiú dì bù shì zhè lèi dōng xi liào ；,5.24
C:\Users\aena zam\Downloads\speaker dataset mandarin\call_to_arms\call_to_arms_1123.wav,4,终于攀着桑树枝，跳到里面了。,zhōng yú pān zháo sāng shù zhī ， tiào dào lǐ miàn liào 。,3.3
C:\Users\aena zam\Downloads\speaker dataset mandarin\call_to_arms\call_to_arms_1125.wav,4,下面许多笋，只可惜都是并未煮熟的，,xià miàn xǔ duō sǔn ， zhī kě xī dū shì bìng wèi zhǔ shóu dì ，,4.09
C:\Users\aena zam\Downloads\speaker dataset mandarin\call_to_arms\call_to_arms_1130.wav,4,这本来在前门的，不知怎的到后园来了。,zhè běn lái zài qián mén dì ， bù zhī zěn dì dào hòu yuán lái liào 。,4.41
C:\Users\aena zam\Downloads\speaker dataset mandarin\call_to_arms\call_to_arms_1134.wav,4,天色将黑，他睡眼蒙胧的在酒店门前出现了，,tiān sè qiāng hēi ， tā shuì yǎn méng lóng dì zài jiǔ diàn mén qián chū xiàn liào,4.85
C:\Users\aena zam\Downloads\speaker dataset mandarin\call_to_arms\call_to_arms_1137.wav,4,未庄老例，看见略有些醒目的人物，是与其慢也宁敬的，,wèi zhuāng lǎo lì ， kàn jiàn lüè yǒu xiē xǐng mù dì rén wù ， shì yǔ qí màn yě ní,5.52
C:\Users\aena zam\Downloads\speaker dataset mandarin\call_to_arms\call_to_arms_1140.wav,4,第二天便传遍了全未庄。,dì èr tiān pián chuán biàn liào quán wèi zhuāng 。,2.65
C:\Users\aena zam\Downloads\speaker dataset mandarin\call_to_arms\call_to_arms_1141.wav,4,这一节，听的人都肃然了。,zhè yī jié ， tìng dì rén dū sù rán liào 。,3.03
C:\Users\aena zam\Downloads\speaker dataset mandarin\call_to_arms\call_to_arms_1143.wav,4,这也不独在未庄是如此，便是一百里方圆之内也都如此，,zhè yě bù dú zài wèi zhuāng shì rú cǐ ， biàn shì yī bǎi lǐ fāng yuán zhī nèi yě ,5.58
C:\Users\aena zam\Downloads\speaker dataset mandarin\call_to_arms\call_to_arms_1145.wav,4,这一节，听的人都叹息而且快意，,zhè yī jié ， tìng dì rén dū tàn xī ér qiě kuài yì ，,3.52
C:\Users\aena zam\Downloads\speaker dataset mandarin\call_to_arms\call_to_arms_1146.wav,1,这就在他们将长凳称为条凳，而且煎鱼用葱丝，,zhè jiù zài tā men qiāng cháng dèng chēng wéi tiáo dèng ， ér qiě jiān yú yòng cō,5.15
C:\Users\aena zam\Downloads\speaker dataset mandarin\call_to_arms\call_to_arms_1149.wav,1,城里却连小乌龟子都叉得精熟的。,chéng lǐ què lián xiǎo wū guī zi dū chǎ děi jīng shú dì 。,3.63
C:\Users\aena zam\Downloads\speaker dataset mandarin\call_to_arms\call_to_arms_1152.wav,4,这一节，听的人都凛然了。,zhè yī jié ， tìng dì rén dū lǐn rán liào 。,3.21
C:\Users\aena zam\Downloads\speaker dataset mandarin\call_to_arms\call_to_arms_1155.wav,4,还有赵白眼的母亲，——一说是赵司晨的母亲，待考，,hái yǒu zhào bái yǎn dì mǔ qīn ， — — yī shuō shì zhào sī chén dì mǔ qīn ， dài kǎ,5.88
C:\Users\aena zam\Downloads\speaker dataset mandarin\call_to_arms\call_to_arms_1168.wav,4,“那么，明天拿来就是，”赵太爷却不甚热心了。,nà me ， míng tiān ná lái jiù shì ， zhào tài yé què bù shèn rè xīn liào 。,5.26
C:\Users\aena zam\Downloads\speaker dataset mandarin\call_to_arms\call_to_arms_1179.wav,4,船的使命，赵家本来是很秘密的，,chuán dì shǐ mìng ， zhào jiā běn lái shì hěn mì mì dì ，,3.49
C:\Users\aena zam\Downloads\speaker dataset mandarin\call_to_arms\call_to_arms_1183.wav,4,所以大概该是伊对的。,suǒ yǐ dà gài gāi shì yī duì dì 。,3.28
C:\Users\aena zam\Downloads\speaker dataset mandarin\call_to_arms\call_to_arms_1191.wav,4,他更加高兴的走而且喊道：,tā gèng jiā gāo xìng dì zǒu ér qiě hǎn dào ：,3.12
C:\Users\aena zam\Downloads\speaker dataset mandarin\call_to_arms\call_to_arms_1197.wav,3,“造反？有趣，,zào fǎn ？ yǒu qù ，,1.96
C:\Users\aena zam\Downloads\speaker dataset mandarin\call_to_arms\call_to_arms_1198.wav,2,王胡本来还可留，但也不要了。“东西，,wáng hú běn lái huán kě liú ， dàn yě bù yào liào 。 dōng xi ，,5.41
C:\Users\aena zam\Downloads\speaker dataset mandarin\call_to_arms\call_to_arms_1200.wav,4,此外便摆了钱家的桌椅，——或者也就用赵家的罢。,cǐ wài pián bǎi liào qián jiā dì zhuō yǐ ， — — huò zhě yě jiù yòng zhào jiā dì b,5.17
C:\Users\aena zam\Downloads\speaker dataset mandarin\call_to_arms\call_to_arms_1203.wav,3,——可惜脚太大。”,— — kě xī jiǎo tài dà 。,2.74
C:\Users\aena zam\Downloads\speaker dataset mandarin\call_to_arms\call_to_arms_1207.wav,4,他急急拾了几块断砖，再上去较为用力的打，,tā jí jí shí liào jī kuài duàn zhuān ， zài shàng qù jiào wéi yòng lì dì dǎ ，,4.38
C:\Users\aena zam\Downloads\speaker dataset mandarin\call_to_arms\call_to_arms_1208.wav,2,打到黑门上生出许多麻点的时候，才听得有人来开门。,dǎ dào hēi mén shàng shēng chū xǔ duō má diǎn dì shí hou ， cái tìng děi yǒu rén ,5.77
C:\Users\aena zam\Downloads\speaker dataset mandarin\call_to_arms\call_to_arms_1214.wav,4,于是又立刻同到庵里去革命。,yú shì yòu lì kè tóng dào ān lǐ qù gé mìng 。,2.63
C:\Users\aena zam\Downloads\speaker dataset mandarin\call_to_arms\call_to_arms_1216.wav,4,尼姑待他们走后，定了神来检点，,ní gū dài tā men zǒu hòu ， dìng liào shén lái jiǎn diǎn ，,3.29
C:\Users\aena zam\Downloads\speaker dataset mandarin\call_to_arms\call_to_arms_1228.wav,4,他虽然早知道秀才盘辫的大新闻，但总没有想到自己可以照样做，,tā suī rán zǎo zhī dào xiù cai pán biàn dì dài xīn wén ， dàn zǒng méi yǒu xiǎng ,5.83
C:\Users\aena zam\Downloads\speaker dataset mandarin\call_to_arms\call_to_arms_1233.wav,4,但他终于饶放了，单是怒目而视的吐一口唾沫道“呸！”,dàn tā zhōng yú ráo fàng liào ， dān shì nù mù ér shì dì tù yī kǒu tuò mo dào pēi,5.98
C:\Users\aena zam\Downloads\speaker dataset mandarin\call_to_arms\call_to_arms_1234.wav,3,这几日里，进城去的只有一个假洋鬼子。,zhè jī rì lǐ ， jìn chéng qù dì zhǐ yǒu yī gè jiǎ yáng guǐ zǐ 。,4.42
C:\Users\aena zam\Downloads\speaker dataset mandarin\call_to_arms\call_to_arms_1245.wav,4,——这是洋话，你们不懂的。否则早已成功了。,— — zhè shì yáng huà ， nǐ men bù dǒng dì 。 fǒu zé zǎo yǐ chéng gōng liào 。,4.19
C:\Users\aena zam\Downloads\speaker dataset mandarin\call_to_arms\call_to_arms_1247.wav,4,谁愿意在这小县城里做事情。”“唔，这个”,shéi yuàn yì zài zhè xiǎo xiàn chéng lǐ zuò shì qing 。 wú ， zhè ge,5.96
C:\Users\aena zam\Downloads\speaker dataset mandarin\call_to_arms\call_to_arms_1249.wav,1,“我要投”“滚出去！”洋先生扬起哭丧棒来了。,wǒ yào tóu gǔn chū qù ！ yáng xiān sheng yáng qǐ kū sāng bàng lái liào 。,5.2
C:\Users\aena zam\Downloads\speaker dataset mandarin\call_to_arms\call_to_arms_1254.wav,4,为报仇起见，很想立刻放下辫子来，但也没有竟放。,wèi bào chóu qǐ xiàn ， hěn xiǎng lì kè fàng xià biàn zi lái ， dàn yě méi yǒu jìn,5.56
C:\Users\aena zam\Downloads\speaker dataset mandarin\call_to_arms\call_to_arms_1257.wav,4,吧～～！他忽而听得一种异样的声音，又不是爆竹。,ba ！ tā hū ér tīng dé yī zhǒng yì yàng dì shēng yīn ， yòu bù shì bào zhú 。,5.69
C:\Users\aena zam\Downloads\speaker dataset mandarin\call_to_arms\call_to_arms_1258.wav,4,于是□【上“辟”下“足”】出路角，仔细的听，,yú shì gīng shàng pì xià zú chū lù jué ， zǐ xì dì tìng ，,2.83
C:\Users\aena zam\Downloads\speaker dataset mandarin\call_to_arms\call_to_arms_1262.wav,4,但他决计不再上前，却回到自己的祠里去了。,dàn tā jué jì bù zài shàng qián ， què huí dào zì jǐ dì cí lǐ qù liào 。,5.61
C:\Users\aena zam\Downloads\speaker dataset mandarin\call_to_arms\call_to_arms_1269.wav,4,许多时没有动静，把总焦急起来了，,xǔ duō shí méi yǒu dòng jìng ， bà zǒng jiāo jí qi lai liào ，,3.58
C:\Users\aena zam\Downloads\speaker dataset mandarin\call_to_arms\call_to_arms_1271.wav,4,因为他那土谷祠里的卧室，也并没有比这间屋子更高明。,yīn wèi tā nuó tǔ gǔ cí lǐ dì wò shì ， yě bìng méi yǒu bì zhè jiān wū zi gèng gā,5.19
C:\Users\aena zam\Downloads\speaker dataset mandarin\call_to_arms\call_to_arms_1275.wav,4,都是一脸横肉，怒目而视的看他；,dū shì yī liǎn héng ròu ， nù mù ér shì dì kàn tā ；,3.58
C:\Users\aena zam\Downloads\speaker dataset mandarin\call_to_arms\call_to_arms_1277.wav,1,“站着说！不要跪！”长衫人物都吆喝说。,zhàn zhuó shuō ！ bù yào guì ！ cháng shān rén wù dū yāo he shuō 。,4.46
C:\Users\aena zam\Downloads\speaker dataset mandarin\call_to_arms\call_to_arms_1280.wav,3,老头子和气的问。“假洋鬼子不准我！”“胡说！,lǎo tóu zi hé qì dì wèn 。 jiǎ yáng guǐ zǐ bù zhǔn wǒ ！ hú shuō ！,5.94
C:\Users\aena zam\Downloads\speaker dataset mandarin\call_to_arms\call_to_arms_1286.wav,4,他第二次进了栅栏，倒也并不十分懊恼。,tā dì èr cì jìn liào zhà lán ， dào yě bìng bù shí fēn ào nǎo 。,3.84
C:\Users\aena zam\Downloads\speaker dataset mandarin\call_to_arms\call_to_arms_1288.wav,4,惟有圈而不圆，却是他“行状”上的一个污点。,wéi yǒu quān ér bù yuán ， què shì tā xíng zhuàng shàng dì yī gè wū diǎn 。,4.6
C:\Users\aena zam\Downloads\speaker dataset mandarin\call_to_arms\call_to_arms_1291.wav,4,举人老爷主张第一要追赃，把总主张第一要示众。,jǔ rén lǎo ye zhǔ zhāng dì yī yào zhuī zāng ， bà zǒng zhǔ zhāng dì yī yào shì zh,5.14
C:\Users\aena zam\Downloads\speaker dataset mandarin\call_to_arms\call_to_arms_1293.wav,4,破了案，你又来迂。不成！这是我管的！”,pò liào àn ， nǐ yòu lái yū 。 bù chéng ！ zhè shì wǒ guǎn dì ！,4.74
C:\Users\aena zam\Downloads\speaker dataset mandarin\call_to_arms\call_to_arms_1297.wav,4,同时又被一直抓出衙门外去了。,tóng shí yòu bèi yī zhí zhuā chū yá men wài qù liào 。,4.58
C:\Users\aena zam\Downloads\speaker dataset mandarin\call_to_arms\call_to_arms_1298.wav,4,但他突然觉到了：这岂不是去杀头么？,dàn tā tū rán jué dào liào ： zhè qǐ bù shì qù shā tóu me ？,4.72
C:\Users\aena zam\Downloads\speaker dataset mandarin\call_to_arms\call_to_arms_1300.wav,2,有时虽然着急，有时却也泰然；,yǒu shí suī rán zháo jí ， yǒu shí què yě tài rán ；,3.61
C:\Users\aena zam\Downloads\speaker dataset mandarin\call_to_arms\call_to_arms_1304.wav,4,他省悟了，这是绕到法场去的路，这一定是“嚓”的去杀头。,tā xǐng wù liào ， zhè shì rào dào fǎ chǎng qù dì lù ， zhè yī dìng shì chā dì qù ,5.84
C:\Users\aena zam\Downloads\speaker dataset mandarin\call_to_arms\call_to_arms_1318.wav,4,从这一天以来，他们便渐渐的都发生了遗老的气味。,zòng zhè yī tiān yǐ lái ， tā men pián jiàn jiàn dì dū fā shēng liào yí lǎo dì qì,5.04
C:\Users\aena zam\Downloads\speaker dataset mandarin\call_to_arms\call_to_arms_1326.wav,4,譬如看见老辈威压青年，在先是要愤愤的，,pì rú kàn jiàn lǎo bèi wēi yā qīng nián ， zài xiān shì yào fèn fèn dì ，,4.33
C:\Users\aena zam\Downloads\speaker dataset mandarin\call_to_arms\call_to_arms_1331.wav,4,他将这“差不多说”最初公表的时候是在北京首善学校的讲堂上，,tā qiāng zhè chà bu duō shuō zuì chū gōng biǎo dì shí hou shì zài běi jīng shǒu ,5.74
C:\Users\aena zam\Downloads\speaker dataset mandarin\call_to_arms\call_to_arms_1336.wav,1,思想言论举动丰采都没有什么大区别,sī xiǎng yán lùn jǔ dòng fēng cǎi dū méi yǒu shén me dài qū bié,3.53
C:\Users\aena zam\Downloads\speaker dataset mandarin\call_to_arms\call_to_arms_1343.wav,4,总长冤他有神经病，只要地位还不至于动摇，他决不开一开口；,zǒng zhǎng yuān tā yǒu shén jīng bìng ， zhǐ yào dì wèi huán bù zhì yú dòng yáo ，,5.88
C:\Users\aena zam\Downloads\speaker dataset mandarin\call_to_arms\call_to_arms_1346.wav,4,直到听得同寮过分的奚落他们了，这才略有些小感慨，,zhí dào tīng dé tòng liáo guò fèn dì xī luò tā men liào ， zhè cái lüè yǒu xiē xi,4.91
C:\Users\aena zam\Downloads\speaker dataset mandarin\call_to_arms\call_to_arms_1349.wav,4,政府说“上了课才给钱”，,zhèng fǔ shuō shàng liào kè cái gěi qián ，,2.46
C:\Users\aena zam\Downloads\speaker dataset mandarin\call_to_arms\call_to_arms_1357.wav,3,“对啦。没有钱怎么买米，没有米怎么煮”,duì la 。 méi yǒu qián zěn me mǎi mǐ ， méi yǒu mǐ zěn me zhǔ,4.46
C:\Users\aena zam\Downloads\speaker dataset mandarin\call_to_arms\call_to_arms_1365.wav,4,说“教员倘若不上课，便要付欠薪。”,shuō jiào yuán tǎng ruò bù shàng kè ， pián yào fù qiàn xīn 。,3.78
C:\Users\aena zam\Downloads\speaker dataset mandarin\call_to_arms\call_to_arms_1378.wav,4,而且他是不敢见手握经经济之权的人物，,ér qiě tā shì bù gǎn xiàn shǒu wò jīng jīng jì zhī quán dì rén wù ，,3.35
C:\Users\aena zam\Downloads\speaker dataset mandarin\call_to_arms\call_to_arms_1380.wav,4,他因此不敢见，也不愿见他们。,tā yīn cǐ bù gǎn xiàn ， yě bù yuàn xiàn tā men 。,3.41
C:\Users\aena zam\Downloads\speaker dataset mandarin\call_to_arms\call_to_arms_1382.wav,4,大家左索右索，总自一节一节的挨过去了，,dà jiā zuǒ suǒ yòu suǒ ， zǒng zì yī jié yī jié dì ái guò qu liào ，,4.76
C:\Users\aena zam\Downloads\speaker dataset mandarin\call_to_arms\call_to_arms_1387.wav,4,我明天不做官了。钱的支票是领来的了，可是索薪大会的代表不发放，,wǒ míng tiān bù zuò guān liào 。 qián dì zhī piào shì lǐng lái dì liào ， kě shì s,5.99
C:\Users\aena zam\Downloads\speaker dataset mandarin\call_to_arms\call_to_arms_1388.wav,4,先说是没有同去的人都不发，后来又说是要到他们跟前去亲领。,xiān shuō shì méi yǒu tóng qù dì rén dū bù fā ， hòu lái yòu shuō shì yào dào tā ,5.73
C:\Users\aena zam\Downloads\speaker dataset mandarin\call_to_arms\call_to_arms_1389.wav,4,他们今天单捏着支票，就变了阎王脸了，我实在怕看见,tā men jīn tiān dān niē zhuó zhī piào ， jiù biàn liào yán wáng liǎn liào ， wǒ sh,5.64
C:\Users\aena zam\Downloads\speaker dataset mandarin\call_to_arms\call_to_arms_1396.wav,4,他想了一会，又懊恼的出去了。,tā xiǎng liào yī huì ， yòu ào nǎo dì chū qù liào 。,3.72
C:\Users\aena zam\Downloads\speaker dataset mandarin\call_to_arms\call_to_arms_1398.wav,4,一面走，一面掏着怀中，一面大声的叫道，“喂，领来了！”,yī miàn zǒu ， yī miàn tāo zháo huái zhōng ， yī miàn dà shēng dì jiào dào ， wèi ，,5.99
C:\Users\aena zam\Downloads\speaker dataset mandarin\call_to_arms\call_to_arms_1406.wav,4,向不相干的亲戚朋友去借钱，实在是一件烦难事。,xiàng bù xiāng gān dì qīn qī péng yǒu qù jiè qián ， shí zài shì yī jiàn fán nán ,4.88
C:\Users\aena zam\Downloads\speaker dataset mandarin\call_to_arms\call_to_arms_1408.wav,4,待到知道我想要向他通融五十元，就像我在他嘴里塞了一大把盐似的，,dài dào zhī dào wǒ xiǎng yào xiàng tā tōng róng wǔ shí yuán ， jiù xiàng wǒ zài t,5.66
C:\Users\aena zam\Downloads\speaker dataset mandarin\call_to_arms\call_to_arms_1412.wav,2,那时有一个同乡来借十块钱，,nà shí yǒu yī gè tóng xiāng lái jiè shí kuài qián ，,2.77
C:\Users\aena zam\Downloads\speaker dataset mandarin\call_to_arms\call_to_arms_1416.wav,4,他知道店家希图明天多还帐，大抵是不敢不赊的，,tā zhī dào diàn jiā xī tú míng tiān duō huán zhàng ， dà dǐ shì bù gǎn bù shē dì ,4.8
C:\Users\aena zam\Downloads\speaker dataset mandarin\call_to_arms\call_to_arms_1423.wav,4,他戟着第二个指头在帐子里的空中画了一个半圆，,tā jǐ zhuó dì èr gè zhǐ tou zài zhàng zi lǐ dì kōng zhōng huà liào yī gè bàn yuá,4.49
C:\Users\aena zam\Downloads\speaker dataset mandarin\call_to_arms\call_to_arms_1435.wav,1,方太太怕失了机会，连忙吞吞吐吐的说：,fāng tài tai pà shī liào jī huì ， lián máng tūn tūn tǔ tǔ dì shuō ：,4.85
C:\Users\aena zam\Downloads\speaker dataset mandarin\call_to_arms\call_to_arms_1444.wav,4,陈士成看过县考的榜，回到家里的时候，已经是下午了。,chén shì chéng kàn guò xiàn kǎo dì bǎng ， huí dào jiā lǐ dì shí hou ， yǐ jīng sh,5.62
C:\Users\aena zam\Downloads\speaker dataset mandarin\call_to_arms\call_to_arms_1445.wav,4,他去得本很早，一见榜，便先在这上面寻陈字。,tā qù děi běn hěn zǎo ， yī jiàn bǎng ， pián xiān zài zhè shàng miàn xún chén zì ,4.97
C:\Users\aena zam\Downloads\speaker dataset mandarin\call_to_arms\call_to_arms_1448.wav,4,单站在试院的照壁的面前。,dān zhàn zài shì yuàn dì zhào bì dì miàn qián 。,3.5
C:\Users\aena zam\Downloads\speaker dataset mandarin\call_to_arms\call_to_arms_1452.wav,4,隽了秀才，上省去乡试，一径联捷上去，,jùn liào xiù cai ， shàng shěng qù xiāng shì ， yī jìng lián jié shàng qù ，,4.72
C:\Users\aena zam\Downloads\speaker dataset mandarin\call_to_arms\call_to_arms_1467.wav,4,有眼无珠，也是可怜的事，便不由嘻嘻的失了笑。,yǒu yǎn wú zhū ， yě shì kě lián dì shì ， pián bù yóu xī xī dì shī liào xiào 。,5.44
C:\Users\aena zam\Downloads\speaker dataset mandarin\call_to_arms\call_to_arms_1484.wav,4,至于处所，那是藏在一个谜语的中间：,zhì yú chù suǒ ， nuó shì zàng zài yī gè mí yǔ dì zhōng jiān ：,4.19
C:\Users\aena zam\Downloads\speaker dataset mandarin\call_to_arms\call_to_arms_1489.wav,4,后来自己一看到，也还感到惭愧而且羞人。,hòu lái zì jǐ yī kàn dào ， yě huán gǎn dào cán kuì ér qiě xiū rén 。,4.93
C:\Users\aena zam\Downloads\speaker dataset mandarin\call_to_arms\call_to_arms_1493.wav,4,他说着，狮子似的赶快走进那房里去，,tā shuō zhuó ， shī zi shì de gǎn kuài zǒu jìn nuó fáng lǐ qù ，,3.68
C:\Users\aena zam\Downloads\speaker dataset mandarin\call_to_arms\call_to_arms_1508.wav,4,他已经误到这许是下巴骨了，,tā yǐ jīng wù dào zhè xǔ shì xià ba gǔ liào ，,2.81
C:\Users\aena zam\Downloads\speaker dataset mandarin\call_to_arms\call_to_arms_1511.wav,4,下巴骨轻飘飘的回到坑底里不多久，他也就逃到院子里了。,xià ba gǔ qīng piāo piāo dì huí dào kēng dǐ lǐ bù duō jiǔ ， tā yě jiù táo dào yu,5.8
C:\Users\aena zam\Downloads\speaker dataset mandarin\call_to_arms\call_to_arms_1526.wav,4,剥取死尸的衣服本来是常有的事，够不上疑心到谋害去：,bō qǔ sǐ shī dì yī fu běn lái shì cháng yǒu dì shì ， gòu bù shàng yí xīn dào móu,5.37
C:\Users\aena zam\Downloads\speaker dataset mandarin\call_to_arms\call_to_arms_1527.wav,4,而且仵作也证明是生前的落水，因为他确凿曾在水底里挣命，,ér qiě wǔ zuò yě zhèng míng shì shēng qián dì luò shuǐ ， yīn wèi tā què záo zēng,5.9
C:\Users\aena zam\Downloads\speaker dataset mandarin\call_to_arms\call_to_arms_1542.wav,4,这样的几个月之后，他们忽而自己掘土了，,zhè yàng dì jǐ ge yuè zhī hòu ， tā men hū ér zì jǐ jué tǔ liào ，,4.02
C:\Users\aena zam\Downloads\speaker dataset mandarin\call_to_arms\call_to_arms_1544.wav,4,后来仔细看时，原来一个的肚子比别一个的大得多了。,hòu lái zǐ xì kàn shí ， yuán lái yī gè dì dù zi bǐ bié yī gè dì dà dé duō liào 。,5.47
C:\Users\aena zam\Downloads\speaker dataset mandarin\call_to_arms\call_to_arms_1547.wav,4,也要去讨两匹来养在自己的窗外面。,yě yào qù tǎo liǎng pǐ lái yǎng zài zì jǐ dì chuāng wài miàn 。,4.21
C:\Users\aena zam\Downloads\speaker dataset mandarin\call_to_arms\call_to_arms_1549.wav,4,过了十多天，三太太对我说，那两匹又出来了，,guo liào shí duō tiān ， sān tài tai duì wǒ shuō ， nuó liǎng pǐ yòu chu lai liào ,4.7
C:\Users\aena zam\Downloads\speaker dataset mandarin\call_to_arms\call_to_arms_1553.wav,4,原来有一个小兔，在院子里跳跃了。,yuán lái yǒu yī gè xiǎo tù ， zài yuàn zi lǐ tiào yuè liào 。,3.48
C:\Users\aena zam\Downloads\speaker dataset mandarin\call_to_arms\call_to_arms_1556.wav,4,那该是他的弟弟罢。,nuó gāi shì tā dì dì di ba 。,3.06
C:\Users\aena zam\Downloads\speaker dataset mandarin\call_to_arms\call_to_arms_1558.wav,4,孩子们笑得响，那小的终于吃惊了，便跳着钻进洞里去；,hái zi men xiào dé xiǎng ， nuó xiǎo dì zhōng yú chī jīng liào ， pián tiào zhuó z,5.54
C:\Users\aena zam\Downloads\speaker dataset mandarin\call_to_arms\call_to_arms_1562.wav,4,太阳出来了，他们却都不见。于是大家就忘却了。,tài yang chu lai liào ， tā men què dū bù jiàn 。 yú shì dà jiā jiù wàng què liào ,5.76
C:\Users\aena zam\Downloads\speaker dataset mandarin\call_to_arms\call_to_arms_1563.wav,4,惟有三太太是常在那里喂他们菠菜的，所以常想到。,wéi yǒu sān tài tai shì cháng zài nà li wèi tā men bō cài dì ， suǒ yǐ cháng xiǎn,5.06
C:\Users\aena zam\Downloads\speaker dataset mandarin\call_to_arms\call_to_arms_1564.wav,4,伊有一回走进窗后的小院子去，忽然在墙角上发见了一个别的洞，,yī yǒu yī huí zǒu jìn chuāng hòu dì xiǎo yuàn zi qù ， hū rán zài qiáng jiǎo shàn,5.74
C:\Users\aena zam\Downloads\speaker dataset mandarin\call_to_arms\call_to_arms_1571.wav,2,伊以为他们搬了家了，很高兴，然而仍然掘，,yī yǐ wéi tā men bān liào jiā liào ， hěn gāo xìng ， rán ér réng rán jué ，,4.25
C:\Users\aena zam\Downloads\speaker dataset mandarin\call_to_arms\call_to_arms_1573.wav,4,一切都明白了，三太太先前的预料果不错。,yī qiè dū míng bai liào ， sān tài tai xiān qián dì yù liào guǒ bù cuò 。,4.19
C:\Users\aena zam\Downloads\speaker dataset mandarin\call_to_arms\call_to_arms_1574.wav,4,伊为预防危险起见，便将七个小的都装在木箱中，搬进自己的房里，,yī wèi yù fáng wēi xiǎn qǐ xiàn ， pián qiāng qī gè xiǎo dì dū zhuāng zài mù xiān,5.99
C:\Users\aena zam\Downloads\speaker dataset mandarin\call_to_arms\call_to_arms_1581.wav,4,夜半在灯下坐着想，,yè bàn zài dēng xià zuò zhuó xiǎng ，,2.18
C:\Users\aena zam\Downloads\speaker dataset mandarin\call_to_arms\call_to_arms_1585.wav,4,过往行人憧憧的走着，谁知道曾有一个生命断送在这里呢？,guò wǎng xíng rén chōng chōng dì zǒu zhuó ， shéi zhī dào zēng yǒu yī gè shēng mì,5.59
C:\Users\aena zam\Downloads\speaker dataset mandarin\call_to_arms\call_to_arms_1587.wav,2,然而我向来无所容心于其间，而别人并且不听到,rán ér wǒ xiàng lái wú suǒ róng xīn yú qí jiān ， ér bié ren bìng qiě bù tīng dào,5.71
C:\Users\aena zam\Downloads\speaker dataset mandarin\call_to_arms\call_to_arms_1590.wav,3,“不，他们自己咬。他那里会给我打呢。”,bù ， tā men zì jǐ yǎo 。 tā nà li kuài jǐ wǒ dǎ ní 。,4.2
C:\Users\aena zam\Downloads\speaker dataset mandarin\call_to_arms\call_to_arms_1597.wav,4,那黑猫是不能久在矮墙上高视阔步的了，我决定的想，,nuó hēi māo shì bù néng jiǔ zài ǎi qiáng shàng gāo shì kuò bù dì liào ， wǒ jué d,4.82
C:\Users\aena zam\Downloads\speaker dataset mandarin\call_to_arms\call_to_arms_1601.wav,4,“寂寞呀，寂寞呀，在沙漠上似的寂寞呀！”,jì mò ya ， jì mò ya ， zài shā mò shàng shì de jì mò ya ！,5.8
C:\Users\aena zam\Downloads\speaker dataset mandarin\call_to_arms\call_to_arms_1618.wav,3,宽有二尺，是仲密所掘，以种荷花的荷池。,kuān yǒu èr chǐ ， shì zhòng mì suǒ jué ， yǐ zhǒng hé huā dì hé chí 。,5.1
C:\Users\aena zam\Downloads\speaker dataset mandarin\call_to_arms\call_to_arms_1622.wav,4,然而养成池沼的音乐家却只是爱罗先珂君的一件事。,rán ér yǎng chéng chí zhǎo dì yīn yuè jiā què zhǐ shì ài luō xiān kē jūn dì yī j,5.74
C:\Users\aena zam\Downloads\speaker dataset mandarin\call_to_arms\call_to_arms_1625.wav,3,养牛，养骆驼。,yǎng niú ， yǎng luò tuo 。,2.25
C:\Users\aena zam\Downloads\speaker dataset mandarin\call_to_arms\call_to_arms_1636.wav,4,等到拦他们上了岸，全池已经是浑水，,děng dào lán tā men shàng liào àn ， quán chí yǐ jīng shì hún shuǐ ，,3.91
C:\Users\aena zam\Downloads\speaker dataset mandarin\call_to_arms\call_to_arms_1640.wav,1,他说。,tā shuō 。,1.37
C:\Users\aena zam\Downloads\speaker dataset mandarin\call_to_arms\call_to_arms_1648.wav,2,那两回全在后十年，然而都没有看出什么来就走了。,nuó liǎng huí quán zài hòu shí nián ， rán ér dū méi yǒu kàn chū shén me lái jiù ,5.28
C:\Users\aena zam\Downloads\speaker dataset mandarin\call_to_arms\call_to_arms_1658.wav,3,他很诧异的说，“怎么总是走，不答应？”我说，,tā hěn chà yì dì shuō ， zěn me zǒng shì zǒu ， bù dā ying ？ wǒ shuō ，,4.88
C:\Users\aena zam\Downloads\speaker dataset mandarin\call_to_arms\call_to_arms_1660.wav,4,后来我每一想到，便很以为奇怪，似乎这戏太不好，,hòu lái wǒ měi yī xiǎng dào ， pián hěn yǐ wéi qí guài ， sì hū zhè xì tài bù hǎo ,5.53
C:\Users\aena zam\Downloads\speaker dataset mandarin\call_to_arms\call_to_arms_1661.wav,4,——否则便是我近来在戏台下不适于生存了。,— — fǒu zé biàn shì wǒ jìn lái zài xì tái xià bù shì yú shēng cún liào 。,5.05
C:\Users\aena zam\Downloads\speaker dataset mandarin\call_to_arms\call_to_arms_1665.wav,4,我于是忘了前几年的冬冬皇皇之灾，竟到第一舞台去了，,wǒ yú shì wàng liào qián jǐ nián dì dōng dōng huáng huáng zhī zāi ， jìng dào dì ,5.15
C:\Users\aena zam\Downloads\speaker dataset mandarin\call_to_arms\call_to_arms_1666.wav,4,但大约一半也因为重价购来的宝票，总得使用了才舒服。,dàn dà yuē yī bàn yě yīn wèi zhòng jià gòu lái dì bǎo piào ， zǒng děi shǐ yòng l,5.91
C:\Users\aena zam\Downloads\speaker dataset mandarin\call_to_arms\call_to_arms_1671.wav,1,他很看不起似的斜瞥了我一眼，说道，“龚云甫⑷！”,tā hěn kàn bu qǐ shì de xié piē liào wǒ yī yǎn ， shuō dao ， gōng yún fǔ ！,4.93
C:\Users\aena zam\Downloads\speaker dataset mandarin\call_to_arms\call_to_arms_1677.wav,4,忽而使我省误到在这里不适于生存了。,hū ér shǐ wǒ shěng wù dào zài zhè lǐ bù shì yú shēng cún liào 。,3.84
C:\Users\aena zam\Downloads\speaker dataset mandarin\call_to_arms\call_to_arms_1682.wav,4,这一夜，就是我对于中国戏告了别的一夜，此后再没有想到他，,zhè yī yè ， jiù shì wǒ duì yú zhōng guó xì gào liào bié de yī yè ， cǐ hòu zài mé,5.83
C:\Users\aena zam\Downloads\speaker dataset mandarin\call_to_arms\call_to_arms_1686.wav,4,大跳，使看客头昏脑眩，很不适于剧场，,dài tiào ， shǐ kàn kè tóu hūn nǎo xuàn ， hěn bù shì yú jù chǎng ，,4.78
C:\Users\aena zam\Downloads\speaker dataset mandarin\call_to_arms\call_to_arms_1690.wav,4,可惜我不知道怎么一来，竟将书名忘却了。,kě xī wǒ bù zhī dào zěn me yī lái ， jìng qiāng shū míng wàng què liào 。,4.87
C:\Users\aena zam\Downloads\speaker dataset mandarin\call_to_arms\call_to_arms_1699.wav,4,在小村里，一家的客，几乎也就是公共的。,zài xiǎo cūn lǐ ， yī jiā dì kè ， jī hū yě jiù shì gōng gòng dì 。,4.25
C:\Users\aena zam\Downloads\speaker dataset mandarin\call_to_arms\call_to_arms_1703.wav,4,掘来穿在铜丝做的小钩上，伏在河沿上去钓虾。,jué lái chuān zài tóng sī zuò dì xiǎo gōu shàng ， fú zài hé yán shàng qù diào xi,5.07
C:\Users\aena zam\Downloads\speaker dataset mandarin\call_to_arms\call_to_arms_1705.wav,4,这虾照例是归我吃的。,zhè xiā zhào lì shì guī wǒ chī dì 。,2.76
C:\Users\aena zam\Downloads\speaker dataset mandarin\call_to_arms\call_to_arms_1710.wav,4,算作合做的。当时我并不想到他们为什么年年要演戏。,suàn zuò hé zuò dì 。 dàng shí wǒ bìng bù xiǎng dào tā men wèi shén me nián nián ,5.78
C:\Users\aena zam\Downloads\speaker dataset mandarin\call_to_arms\call_to_arms_1714.wav,4,外祖母很气恼，怪家里的人不早定，絮叨起来。,wài zǔ mǔ hěn qì nǎo ， guài jiā lǐ dì rén bù zǎo dìng ， xù dao qi lai 。,5.2
C:\Users\aena zam\Downloads\speaker dataset mandarin\call_to_arms\call_to_arms_1725.wav,4,然而外祖母又怕都是孩子，不可靠；,rán ér wài zǔ mǔ yòu pà dū shì hái zi ， bù kě kào ；,3.52
C:\Users\aena zam\Downloads\speaker dataset mandarin\call_to_arms\call_to_arms_1727.wav,4,双喜可又看出底细来了，便又大声的说道，,shuāng xǐ kè yòu kàn chū dǐ xì lái liào ， pián yòu dà shēng dì shuō dao ，,3.9
C:\Users\aena zam\Downloads\speaker dataset mandarin\call_to_arms\call_to_arms_1731.wav,1,我的很重的心忽而轻松了，身体也似乎舒展到说不出的大。,wǒ dì hěn zhòng dì xīn hū ér qīng sōng liào ， shēn tǐ yě sì hū shū zhǎn dào shuō,5.61
C:\Users\aena zam\Downloads\speaker dataset mandarin\call_to_arms\call_to_arms_1732.wav,2,一出门，便望见月下的平桥内泊着一只白篷的航船，,yī chū mén ， pián wàng jiàn yuè xià dì píng qiáo nèi bó zhuó yī zhǐ bái péng dì ,5.04
C:\Users\aena zam\Downloads\speaker dataset mandarin\call_to_arms\call_to_arms_1735.wav,3,于是架起两支橹，一支两人，,yú shì jià qǐ liǎng zhī lǔ ， yī zhī liǎng rén ，,2.83
C:\Users\aena zam\Downloads\speaker dataset mandarin\call_to_arms\call_to_arms_1750.wav,2,而况没有空地呢,ér kuàng méi yǒu kòng dì ní,2.83
C:\Users\aena zam\Downloads\speaker dataset mandarin\call_to_arms\call_to_arms_1754.wav,1,接着走出一个小旦来，咿咿呀呀的唱。,jiē zhe zǒu chū yī gè xiǎo dàn lái ， yī yī yā yā dì chàng 。,3.73
C:\Users\aena zam\Downloads\speaker dataset mandarin\call_to_arms\call_to_arms_1757.wav,4,疏疏朗朗的站着的不过是几十个本村和邻村的闲汉。,shū shū lǎng lǎng dì zhàn zhuó dì bù guò shì jī shí gè běn cūn hé lín cūn dì xiá,5.93
C:\Users\aena zam\Downloads\speaker dataset mandarin\call_to_arms\call_to_arms_1765.wav,4,年纪小的几个多打呵欠了，大的也各管自己谈话。,nián jì xiǎo dì jǐ ge duō dǎ hē qiàn liào ， dài dì yě gè guǎn zì jǐ tán huà 。,5.53
C:\Users\aena zam\Downloads\speaker dataset mandarin\call_to_arms\call_to_arms_1769.wav,4,才知道他们的意见是和我一致的。,cái zhī dào tā men dì yì jiàn shì hé wǒ yī zhì dì 。,3.49
C:\Users\aena zam\Downloads\speaker dataset mandarin\call_to_arms\call_to_arms_1773.wav,2,全船里几个人不住的吁气，其余的也打起哈欠来。,quán chuán lǐ jǐ ge rén bù zhù dì yù qì ， qí yú dì yě dǎ qǐ hā qian lái 。,5.14
C:\Users\aena zam\Downloads\speaker dataset mandarin\call_to_arms\call_to_arms_1775.wav,4,大家立刻都赞成，和开船时候一样踊跃，,dà jiā lì kè dū zàn chéng ， hé kāi chuán shí hou yī yàng yǒng yuè ，,4.03
C:\Users\aena zam\Downloads\speaker dataset mandarin\call_to_arms\call_to_arms_1778.wav,4,而一离赵庄，月光又显得格外的皎洁。,ér yī lí zhào zhuāng ， yuè guāng yòu xiǎn de gé wài dì jiǎo jié 。,4.03
C:\Users\aena zam\Downloads\speaker dataset mandarin\call_to_arms\call_to_arms_1783.wav,2,那航船，就像一条大白鱼背着一群孩子在浪花里蹿，,nuó háng chuán ， jiù xiàng yī tiáo dài bái yú bèi zháo yī qún hái zi zài làng hu,4.72
C:\Users\aena zam\Downloads\speaker dataset mandarin\call_to_arms\call_to_arms_1785.wav,2,摇船的都说很疲乏，因为太用力，而且许久没有东西吃。,yáo chuán dì dū shuō hěn pí fá ， yīn wèi tài yòng lì ， ér qiě xǔ jiǔ méi yǒu dōn,5.69
C:\Users\aena zam\Downloads\speaker dataset mandarin\call_to_arms\call_to_arms_1795.wav,2,豆荚豆壳全抛在河水里，什么痕迹也没有了。,dòu jiá dòu ké quán pāo zài hé shuǐ lǐ ， shén me hén jì yě méi yǒu liào 。,4.7
C:\Users\aena zam\Downloads\speaker dataset mandarin\call_to_arms\call_to_arms_1797.wav,4,然而大家议论之后，归结是不怕。,rán ér dà jiā yì lùn zhī hòu ， guī jié shì bù pà 。,3.28
C:\Users\aena zam\Downloads\speaker dataset mandarin\chao_hua_si_she\chao_hua_si_she_0003.wav,2,中国的做文章有轨范，世事也仍然是螺旋。,zhōng guó dì zuò wén zhāng yǒu guǐ fàn ， shì shì yě réng rán shì luó xuán 。,4.79
C:\Users\aena zam\Downloads\speaker dataset mandarin\chao_hua_si_she\chao_hua_si_she_0012.wav,4,带露折花，色香自然要好得多，但是我不能够。,dài lù zhé huā ， sè xiāng zì rán yào hǎo dé duō ， dàn shì wǒ bù néng gòu 。,5.3
C:\Users\aena zam\Downloads\speaker dataset mandarin\chao_hua_si_she\chao_hua_si_she_0023.wav,3,狗·猫·鼠·鲁迅·,gǒu · māo · shǔ · lǔ xùn ·,5.93
C:\Users\aena zam\Downloads\speaker dataset mandarin\chao_hua_si_she\chao_hua_si_she_0030.wav,4,就是怕要浑身发热之后，做一封信登在报纸上，广告道：,jiù shì pà yào hún shēn fā rè zhī hòu ， zuò yī fēng xìn dēng zài bào zhǐ shàng ，,5.87
C:\Users\aena zam\Downloads\speaker dataset mandarin\chao_hua_si_she\chao_hua_si_she_0032.wav,4,①这“逻辑”的奥义，即在用我的话，来证明我倒是狗，,zhè luó ji dì ào yì ， jí zài yòng wǒ de huà ， lái zhèng míng wǒ dào shì gǒu ，,5.06
C:\Users\aena zam\Downloads\speaker dataset mandarin\chao_hua_si_she\chao_hua_si_she_0035.wav,2,我于是就间或留心着查考它们成仇的“动机”。,wǒ yú shì jiù jiàn huò liú xīn zhuó chá kǎo tā men chéng chóu dì dòng jī 。,4.79
C:\Users\aena zam\Downloads\speaker dataset mandarin\chao_hua_si_she\chao_hua_si_she_0041.wav,4,“它是驼背的。”,tā shì tuó bèi dì 。,2.53
C:\Users\aena zam\Downloads\speaker dataset mandarin\chao_hua_si_she\chao_hua_si_she_0045.wav,4,便是书籍的装潢，玩具的工致，也无不令人心爱。,biàn shì shū jí dì zhuāng huáng ， wán jù dì gōng zhì ， yě wú bù lìng rén xīn ài ,5.31
C:\Users\aena zam\Downloads\speaker dataset mandarin\chao_hua_si_she\chao_hua_si_she_0046.wav,4,独有这一篇童话却实在不漂亮；结怨也结得没有意思。,dú yǒu zhè yī piān tóng huà què shí zài bù piào liang ； jié yuàn yě jié dé méi y,5.42
C:\Users\aena zam\Downloads\speaker dataset mandarin\chao_hua_si_she\chao_hua_si_she_0049.wav,2,其实人禽之辨，本不必这样严。,qí shí rén qín zhī biàn ， běn bù bì zhè yàng yán 。,3.74
C:\Users\aena zam\Downloads\speaker dataset mandarin\chao_hua_si_she\chao_hua_si_she_0052.wav,4,但它们并没有自命清高；,dàn tā men bìng méi yǒu zì mìng qīng gāo ；,2.7
C:\Users\aena zam\Downloads\speaker dataset mandarin\chao_hua_si_she\chao_hua_si_she_0065.wav,4,它不是和狮虎同族的么？可是有这么一副媚态！,tā bù shì hé shī hǔ tóng zú dì me ？ kě shì yǒu zhè me yī fù mèi tài ！,4.74
C:\Users\aena zam\Downloads\speaker dataset mandarin\chao_hua_si_she\chao_hua_si_she_0079.wav,4,这是因为无须我到场；,zhè shì yīn wèi wú xū wǒ dào chǎng ；,2.24
C:\Users\aena zam\Downloads\speaker dataset mandarin\chao_hua_si_she\chao_hua_si_she_0081.wav,4,人们的各种礼式，局外人可以不见不闻，,rén men dì gè zhǒng lǐ shì ， jú wài rén kě yǐ bù jiàn bù wén ，,3.85
C:\Users\aena zam\Downloads\speaker dataset mandarin\chao_hua_si_she\chao_hua_si_she_0088.wav,1,听说西洋是不很喜欢黑猫的，不知道可确；,tīng shuō xī yáng shì bù hěn xǐ huan hēi māo dì ， bù zhī dào kě què ；,4.7
C:\Users\aena zam\Downloads\speaker dataset mandarin\chao_hua_si_she\chao_hua_si_she_0089.wav,4,那食人的惨酷确是更可怕。,nà shí rén dì cǎn kù què shì gèng kě pà 。,3.18
C:\Users\aena zam\Downloads\speaker dataset mandarin\chao_hua_si_she\chao_hua_si_she_0091.wav,3,只是我在童年，总觉得它有点妖气，没有什么好感。,zhǐ shì wǒ zài tóng nián ， zǒng jué de tā yǒu diǎn yāo qì ， méi yǒu shén me hǎo ,5.42
C:\Users\aena zam\Downloads\speaker dataset mandarin\chao_hua_si_she\chao_hua_si_she_0095.wav,1,“你知道么？猫是老虎的先生。”她说。,nǐ zhī dào me ？ māo shì lǎo hǔ dì xiān sheng 。 tā shuō 。,5.6
C:\Users\aena zam\Downloads\speaker dataset mandarin\chao_hua_si_she\chao_hua_si_she_0100.wav,4,老虎却只能眼睁睁地在树下蹲着。,lǎo hǔ què zhǐ néng yǎn zhēng zhēng dì zài shù xià dūn zhuó 。,3.4
C:\Users\aena zam\Downloads\speaker dataset mandarin\chao_hua_si_she\chao_hua_si_she_0111.wav,3,满纸长嘴大耳，我以为不甚雅观；,mǎn zhǐ cháng zuǐ dà ěr ， wǒ yǐ wéi bù shèn yǎ guān ；,3.93
C:\Users\aena zam\Downloads\speaker dataset mandarin\chao_hua_si_she\chao_hua_si_she_0115.wav,4,但那时的想看“老鼠成亲”的仪式，却极其神往，,dàn nà shí dì xiǎng kàn lǎo shǔ chéng qīn dì yí shì ， què jí qí shén wǎng ，,4.82
C:\Users\aena zam\Downloads\speaker dataset mandarin\chao_hua_si_she\chao_hua_si_she_0119.wav,1,一睁眼却已经天明，到了灯节了。,yī zhēng yǎn què yǐ jīng tiān míng ， dào liào dēng jié liào 。,4.14
C:\Users\aena zam\Downloads\speaker dataset mandarin\chao_hua_si_she\chao_hua_si_she_0127.wav,4,当“数钱”的时候，大概是已经没有第二步办法的了。,dàng shù qián dì shí hou ， dà gài shì yǐ jīng méi yǒu dì èr bù bàn fǎ dì liào 。,5.52
C:\Users\aena zam\Downloads\speaker dataset mandarin\chao_hua_si_she\chao_hua_si_she_0133.wav,4,看见砚台便舔吃了研着的墨汁。这使我非常惊喜了。,kàn jiàn yàn tái pián tiǎn chī liào yán zháo dì mò zhī 。 zhè shǐ wǒ fēi cháng jī,5.47
C:\Users\aena zam\Downloads\speaker dataset mandarin\chao_hua_si_she\chao_hua_si_she_0141.wav,4,大家吃午饭了，也不见它走出来，平时，是一定出现的。,dà jiā chī wǔ fàn liào ， yě bù jiàn tā zǒu chu lai ， píng shí ， shì yī dìng chū ,5.37
C:\Users\aena zam\Downloads\speaker dataset mandarin\chao_hua_si_she\chao_hua_si_she_0145.wav,4,隐鼠是昨天晚上被猫吃去了！,yǐn shǔ shì zuó tiān wǎn shàng bèi māo chī qù liào ！,4.05
C:\Users\aena zam\Downloads\speaker dataset mandarin\chao_hua_si_she\chao_hua_si_she_0148.wav,4,最先不过是追赶，袭击；,zuì xiān bù guò shì zhuī gǎn ， xí jī ；,2.79
C:\Users\aena zam\Downloads\speaker dataset mandarin\chao_hua_si_she\chao_hua_si_she_0150.wav,4,这作战继续得颇长久，此后似乎猫都不来近我了。,zhè zuò zhàn jì xù děi pō cháng jiǔ ， cǐ hòu sì hū māo dū bù lái jìn wǒ liào 。,5.38
C:\Users\aena zam\Downloads\speaker dataset mandarin\chao_hua_si_she\chao_hua_si_she_0153.wav,4,我竟偶然得到一个意外的消息：那隐鼠,wǒ jìng ǒu rán dé dào yī gè yì wài dì xiāo xi ： nà yǐn shǔ,4.39
C:\Users\aena zam\Downloads\speaker dataset mandarin\chao_hua_si_she\chao_hua_si_she_0156.wav,2,但和猫的感情却终于没有融和；,dàn hé māo dì gǎn qíng què zhōng yú méi yǒu róng hé ；,3.56
C:\Users\aena zam\Downloads\speaker dataset mandarin\chao_hua_si_she\chao_hua_si_she_0160.wav,4,这是我近几年的进步。经验既多，一旦大悟，,zhè shì wǒ jìn jǐ nián dì jìn bù 。 jīng yàn jì duō ， yī dàn dà wù ，,4.95
C:\Users\aena zam\Downloads\speaker dataset mandarin\chao_hua_si_she\chao_hua_si_she_0163.wav,4,那憎恶倒移在我身上了。,nuó zēng wù dǎo yí zài wǒ shēn shang liào 。,3.21
C:\Users\aena zam\Downloads\speaker dataset mandarin\chao_hua_si_she\chao_hua_si_she_0168.wav,3,我大概也总可望成为所谓“指导青年”的“前辈”的罢，,wǒ dà gài yě zǒng kě wàng chéng wéi suǒ wèi zhǐ dǎo qīng nián dì qián bèi dì ba ,5.95
C:\Users\aena zam\Downloads\speaker dataset mandarin\chao_hua_si_she\chao_hua_si_she_0174.wav,4,我平时叫她“阿妈”，连“长”字也不带；但到憎恶她的时候，,wǒ píng shí jiào tā ā mā ， lián zhǎng zì yě bù dài ； dàn dào zēng wù tā dì shí h,5.72
C:\Users\aena zam\Downloads\speaker dataset mandarin\chao_hua_si_she\chao_hua_si_she_0197.wav,4,记得么？你要记着，这是一年的运气的事情。不许说别的话！,jì de me ？ nǐ yào jì zháo ， zhè shì yī nián dì yùn qi dì shì qing 。 bù xǔ shuō b,5.4
C:\Users\aena zam\Downloads\speaker dataset mandarin\chao_hua_si_she\chao_hua_si_she_0200.wav,4,一醒，就要坐起来。她却立刻伸出臂膊，一把将我按住。,yī xǐng ， jiù yào zuò qi lai 。 tā què lì kè shēn chū bì bó ， yī bǎ qiāng wǒ àn z,5.83
C:\Users\aena zam\Downloads\speaker dataset mandarin\chao_hua_si_she\chao_hua_si_she_0204.wav,4,我大吃一惊之后，也就忽而记得，这就是所谓福橘，,wǒ dà chī yī jīng zhī hòu ， yě jiù hū ér jì de ， zhè jiù shì suǒ wèi fú jú ，,5.08
C:\Users\aena zam\Downloads\speaker dataset mandarin\chao_hua_si_she\chao_hua_si_she_0208.wav,4,晒裤子用的竹竿底下，是万不可钻过去的。,shài kù zi yòng dì zhú gān dǐ xia ， shì wàn bù kě zuàn guò qù dì 。,4.85
C:\Users\aena zam\Downloads\speaker dataset mandarin\chao_hua_si_she\chao_hua_si_she_0220.wav,4,还有好看的姑娘，也要掳。”“那么，你是不要紧的。”,hái yǒu hǎo kàn dì gū niang ， yě yào lǔ 。 nà me ， nǐ shì bù yào jǐn dì 。,5.62
C:\Users\aena zam\Downloads\speaker dataset mandarin\chao_hua_si_she\chao_hua_si_she_0222.wav,4,“那里的话？！”她严肃地说。“我们就没有用处？,nà li de huà ？ ！ tā yán sù dì shuō 。 wǒ men jiù méi yǒu yòng chu ？,4.32
C:\Users\aena zam\Downloads\speaker dataset mandarin\chao_hua_si_she\chao_hua_si_she_0224.wav,4,外面的大炮就放不出来；再要放，就炸了！”,wài miàn dì dà pào jiù fàng bù chu lai ； zài yào fàng ， jiù zhà liào ！,5.32
C:\Users\aena zam\Downloads\speaker dataset mandarin\chao_hua_si_she\chao_hua_si_she_0226.wav,4,从此对于她就有了特别的敬意，似乎实在深不可测；,cóng cǐ duì yú tā jiù yǒu liào tè bié dì jìng yì ， sì hū shí zài shēn bù kě cè ；,5.5
C:\Users\aena zam\Downloads\speaker dataset mandarin\chao_hua_si_she\chao_hua_si_she_0230.wav,4,也不放炮，更不怕炮炸，我惧惮她什么呢！,yě bù fàng pào ， gèng bù pà pào zhà ， wǒ jù dàn tā shén me ní ！,5.19
C:\Users\aena zam\Downloads\speaker dataset mandarin\chao_hua_si_she\chao_hua_si_she_0254.wav,4,可是从还在眼前的模样来说，却是一部刻印都十分粗拙的本子。,kě shì zòng huán zài yǎn qián dì mú yàng lái shuō ， què shì yī bù kè yìn dū shí ,5.82
C:\Users\aena zam\Downloads\speaker dataset mandarin\chao_hua_si_she\chao_hua_si_she_0260.wav,4,绿色的画，字是红的，比那木刻的精致得多了。,lǜ sè dì huà ， zì shì hóng dì ， bì nuó mù kè dì jīng zhì děi duō liào 。,5.7
C:\Users\aena zam\Downloads\speaker dataset mandarin\chao_hua_si_she\chao_hua_si_she_0277.wav,2,能使全中国化成一个麻胡，凡有孩子都死在他肚子里。,néng shǐ quán zhōng guó huà chéng yī gè má hú ， fán yǒu hái zi dū sǐ zài tā dù z,5.89
C:\Users\aena zam\Downloads\speaker dataset mandarin\chao_hua_si_she\chao_hua_si_she_0278.wav,2,只要对于白话来加以谋害者，都应该灭亡！,zhǐ yào duì yú bái huà lái jiā yǐ móu hài zhě ， dū yīng gāi miè wáng ！,5.36
C:\Users\aena zam\Downloads\speaker dataset mandarin\chao_hua_si_she\chao_hua_si_she_0289.wav,2,呵斥，甚而至于打手心。我的小同学因为专读,hē chì ， shèn ér zhì yú dǎ shǒu xīn 。 wǒ dì xiǎo tóng xué yīn wèi zhuān dú,5.03
C:\Users\aena zam\Downloads\speaker dataset mandarin\chao_hua_si_she\chao_hua_si_she_0301.wav,3,“惟有在人生的事实这本身中寻出欢喜者，可以活下去。,wéi yǒu zài rén shēng dì shì shí zhè běn shēn zhōng xún chū huān xǐ zhě ， kě yǐ ,5.56
C:\Users\aena zam\Downloads\speaker dataset mandarin\chao_hua_si_she\chao_hua_si_she_0302.wav,4,倘若在那里什么也不见，他们其实倒不如死。”,tǎng ruò zài nà li shén me yě bù jiàn ， tā men qí shí dǎo bù rú sǐ 。,4.96
C:\Users\aena zam\Downloads\speaker dataset mandarin\chao_hua_si_she\chao_hua_si_she_0303.wav,4,于是乎有一个叫作密哈罗夫的，寄信嘲骂他道，,yú shì hū yǒu yī gè jiào zuò mì hā luó fú dì ， jì xìn cháo mà tā dào ，,5.31
C:\Users\aena zam\Downloads\speaker dataset mandarin\chao_hua_si_she\chao_hua_si_she_0304.wav,4,“所以我完全诚实地劝你自杀来祸福你自己的生命，,suǒ yǐ wǒ wán quán chéng shí dì quàn nǐ zì shā lái huò fú nǐ zì jǐ dì shēng mìng,5.17
C:\Users\aena zam\Downloads\speaker dataset mandarin\chao_hua_si_she\chao_hua_si_she_0313.wav,1,这虽然不过薄薄的一本书，,zhè suī rán bù guò bó bó de yī běn shū ，,2.61
C:\Users\aena zam\Downloads\speaker dataset mandarin\chao_hua_si_she\chao_hua_si_she_0315.wav,4,那里面的故事，似乎是谁都知道的；,nuó lǐ miàn dì gù shi ， sì hū shì shéi dū zhī dào dì ；,3.44
C:\Users\aena zam\Downloads\speaker dataset mandarin\chao_hua_si_she\chao_hua_si_she_0319.wav,4,“人之初，性本善”么？这并非现在要加研究的问题。,rén zhī chū ， xìng běn shàn me ？ zhè bìng fēi xiàn zài yào jiā yán jiū dì wèn tí,5.7
C:\Users\aena zam\Downloads\speaker dataset mandarin\chao_hua_si_she\chao_hua_si_she_0331.wav,4,但那时我还小，实在不明白这些。,dàn nà shí wǒ huán xiǎo ， shí zài bù míng bai zhè xiē 。,5.11
C:\Users\aena zam\Downloads\speaker dataset mandarin\chao_hua_si_she\chao_hua_si_she_0340.wav,4,大约旧本也差不多，而招我反感的便是“诈跌”。,dà yuē jiù běn yě chà bu duō ， ér zhāo wǒ fǎn gǎn dì biàn shì zhà diē 。,5.24
C:\Users\aena zam\Downloads\speaker dataset mandarin\chao_hua_si_she\chao_hua_si_she_0343.wav,4,师觉授《孝子传》云，,shī jué shòu xiào zǐ zhuàn yún ，,2.81
C:\Users\aena zam\Downloads\speaker dataset mandarin\chao_hua_si_she\chao_hua_si_she_0346.wav,1,不知怎地，后之君子却一定要改得他“诈”起来，心里才能舒服。,bù zhī zěn dì ， hòu zhī jūn zǐ què yī dìng yào gǎi dé tā zhà qi lai ， xīn li cái,5.98
C:\Users\aena zam\Downloads\speaker dataset mandarin\chao_hua_si_she\chao_hua_si_she_0347.wav,4,邓伯道弃子救侄，想来也不过“弃”而已矣，,dèng bó dào qì zǐ jiù zhí ， xiǎng lái yě bù guò qì ér yǐ yǐ ，,4.42
C:\Users\aena zam\Downloads\speaker dataset mandarin\chao_hua_si_she\chao_hua_si_she_0348.wav,1,昏妄人也必须说他将儿子捆在树上，使他追不上来才肯歇手。,hūn wàng rén yě bì xū shuō tā qiāng ér zi kǔn zài shù shàng ， shǐ tā zhuī bù shà,5.76
C:\Users\aena zam\Downloads\speaker dataset mandarin\chao_hua_si_she\chao_hua_si_she_0351.wav,2,至于玩着“摇咕咚”的郭巨的儿子，却实在值得同情。,zhì yú wán zhuó yáo gū dōng dì guō jù dì ér zi ， què shí zài zhí de tóng qíng 。,5.28
C:\Users\aena zam\Downloads\speaker dataset mandarin\chao_hua_si_she\chao_hua_si_she_0358.wav,4,家境正在坏下去，常听到父母愁柴米；,jiā jìng zhèng zài huài xià qù ， cháng tīng dào fù mǔ chóu chái mǐ ；,4.08
C:\Users\aena zam\Downloads\speaker dataset mandarin\chao_hua_si_she\chao_hua_si_she_0360.wav,2,如果一丝不走样，也掘出一釜黄金来，那自然是如天之福，,rú guǒ yī sī bù zǒu yàng ， yě jué chū yī fǔ huáng jīn lái ， nuó zì rán shì rú ti,5.68
C:\Users\aena zam\Downloads\speaker dataset mandarin\chao_hua_si_she\chao_hua_si_she_0370.wav,4,后来这印象日见其淡了，但总有一些留遗，一直到她去世,hòu lái zhè yìn xiàng rì jiàn qí dàn liào ， dàn zǒng yǒu yī xiē liú yí ， yī zhí ,5.97
C:\Users\aena zam\Downloads\speaker dataset mandarin\chao_hua_si_she\chao_hua_si_she_0372.wav,3,五猖会·鲁迅·,wǔ chāng huì · lǔ xùn ·,5.01
C:\Users\aena zam\Downloads\speaker dataset mandarin\chao_hua_si_she\chao_hua_si_she_0380.wav,2,虽然明人的文章，怕难免有些夸大。,suī rán míng rén dì wén zhāng ， pà nán miǎn yǒu xiē kuā dà 。,3.8
C:\Users\aena zam\Downloads\speaker dataset mandarin\chao_hua_si_she\chao_hua_si_she_0382.wav,2,不过是十多人盘旋着一条龙，以及村童们扮些海鬼。,bù guò shì shí duō rén pán xuán zhuó yī tiáo lóng ， yǐ jí cūn tóng men bàn xiē h,5.27
C:\Users\aena zam\Downloads\speaker dataset mandarin\chao_hua_si_she\chao_hua_si_she_0388.wav,4,这样的白描的活古人，谁能不动一看的雅兴呢？,zhè yàng dì bái miáo dì huó gǔ rén ， shéi néng bù dòng yī kàn dì yǎ xìng ní ？,4.62
C:\Users\aena zam\Downloads\speaker dataset mandarin\chao_hua_si_she\chao_hua_si_she_0391.wav,3,读书人即所谓士子，也大抵不肯赶去看。,dú shū rén jí suǒ wèi shì zǐ ， yě dà dǐ bù kěn gǎn qù kàn 。,4.62
C:\Users\aena zam\Downloads\speaker dataset mandarin\chao_hua_si_she\chao_hua_si_she_0392.wav,4,只有游手好闲的闲人，这才跑到庙前或衙门前去看热闹；,zhǐ yǒu yóu shǒu hào xián dì xián rén ， zhè cái pǎo dào miào qián huò yá men qiá,5.75
C:\Users\aena zam\Downloads\speaker dataset mandarin\chao_hua_si_she\chao_hua_si_she_0415.wav,4,——“给我读熟。背不出，就不准去看会。”,— — jǐ wǒ dú shú 。 bèi bù chū ， jiù bù zhǔn qù kàn huì 。,5.81
C:\Users\aena zam\Downloads\speaker dataset mandarin\chao_hua_si_she\chao_hua_si_she_0420.wav,1,记得那时听人说，,jì de nà shí tīng rén shuō ，,1.93
C:\Users\aena zam\Downloads\speaker dataset mandarin\chao_hua_si_she\chao_hua_si_she_0431.wav,4,我却并没有他们那么高兴。,wǒ què bìng méi yǒu tā men nà me gāo xìng 。,2.9
C:\Users\aena zam\Downloads\speaker dataset mandarin\chao_hua_si_she\chao_hua_si_she_0435.wav,4,五月二十五日。,wǔ yuè èr shí wǔ rì 。,3.85
C:\Users\aena zam\Downloads\speaker dataset mandarin\chao_hua_si_she\chao_hua_si_she_0438.wav,2,在中国仿佛都有些随意杀人的权柄似的，,zài zhōng guó fǎng fú dū yǒu xiē suí yì shā rén dì quán bǐng shì de ，,3.77
C:\Users\aena zam\Downloads\speaker dataset mandarin\chao_hua_si_she\chao_hua_si_she_0453.wav,4,而一进门口所看见的长而白的东西就是他。,ér yī jìn mén kǒu suǒ kàn jiàn dì cháng ér bái dì dōng xi jiù shì tā 。,5.12
C:\Users\aena zam\Downloads\speaker dataset mandarin\chao_hua_si_she\chao_hua_si_she_0455.wav,1,听说他一手还拿着铁索，因为他是勾摄生魂的使者。,tīng shuō tā yī shǒu huán ná zhuó tiě suǒ ， yīn wèi tā shì gòu shè shēng hún dì ,5.75
C:\Users\aena zam\Downloads\speaker dataset mandarin\chao_hua_si_she\chao_hua_si_she_0462.wav,4,眉眼的外梢都向下，象一个“八”字。,méi yǎn dì wài shāo dū xiàng xià ， xiàng yī gè bā zì 。,3.51
C:\Users\aena zam\Downloads\speaker dataset mandarin\chao_hua_si_she\chao_hua_si_she_0475.wav,2,耳所习闻的只有什么“人生无常”之类的话。,ěr suǒ xí wén dì zhǐ yǒu shén me rén shēng wú cháng zhī lèi de huà 。,4.63
C:\Users\aena zam\Downloads\speaker dataset mandarin\chao_hua_si_she\chao_hua_si_she_0496.wav,4,这时候，我们的活无常先生便见得可亲爱了，,zhè shí hòu ， wǒ men dì huó wú cháng xiān sheng pián jiàn dé kè qīn ài liào ，,4.45
C:\Users\aena zam\Downloads\speaker dataset mandarin\chao_hua_si_she\chao_hua_si_she_0499.wav,4,但看普通的戏也不行，必须看“大戏”或者“目连戏”。,dàn kàn pǔ tōng dì xì yě bù xíng ， bì xū kàn dà xì huò zhě mù lián xì 。,5.34
C:\Users\aena zam\Downloads\speaker dataset mandarin\chao_hua_si_she\chao_hua_si_she_0504.wav,4,我还记得自己坐在这一种戏台下的船上的情形，看客的心情,wǒ huán jì de zì jǐ zuò zài zhè yī zhǒng xì tái xià dì chuán shàng dì qíng xing ,5.71
C:\Users\aena zam\Downloads\speaker dataset mandarin\chao_hua_si_she\chao_hua_si_she_0505.wav,4,和普通是两样的。平常愈夜深愈懒散，这时却愈起劲。,hé pǔ tōng shì liǎng yàng dì 。 píng cháng yù yè shēn yù lǎn sǎn ， zhè shí què yù,6.0
C:\Users\aena zam\Downloads\speaker dataset mandarin\chao_hua_si_she\chao_hua_si_she_0514.wav,4,这叙述里的“子”字都读作入声。陈念义是越中的名医，,zhè xù shù lǐ dì zi zì dū dú zuò rù shēng 。 chén niàn yì shì yuè zhòng dì míng y,5.93
C:\Users\aena zam\Downloads\speaker dataset mandarin\chao_hua_si_she\chao_hua_si_she_0518.wav,4,不过这惩罚，却给了我们的活无常以不可磨灭的冤苦的印象，,bù guò zhè chéng fá ， què jǐ liào wǒ men dì huó wú cháng yǐ bù kě mó miè dì yuān,5.63
C:\Users\aena zam\Downloads\speaker dataset mandarin\chao_hua_si_she\chao_hua_si_she_0523.wav,4,一切鬼众中，就是他有点人情；我们不变鬼则已，,yī qiè guǐ zhòng zhòng ， jiù shì tā yǒu diǎn rén qíng ； wǒ men bù biàn guǐ zé yǐ,5.19
C:\Users\aena zam\Downloads\speaker dataset mandarin\chao_hua_si_she\chao_hua_si_she_0524.wav,4,如果要变鬼，自然就只有他可以比较的相亲近。,rú guǒ yào biàn guǐ ， zì rán jiù zhǐ yǒu tā kě yǐ bǐ jiào dì xiàng qīn jìn 。,5.88
C:\Users\aena zam\Downloads\speaker dataset mandarin\chao_hua_si_she\chao_hua_si_she_0539.wav,4,至于不给他吃，那是赛会时候的开玩笑，实际上并不然。,zhì yú bù jǐ tā chī ， nuó shì sài huì shí hou dì kāi wán xiào ， shí jì shàng bìn,5.88
C:\Users\aena zam\Downloads\speaker dataset mandarin\chao_hua_si_she\chao_hua_si_she_0542.wav,4,梦中却入冥去当差的，所以很有些人情。,mèng zhōng què rù míng qù dāng chà dì ， suǒ yǐ hěn yǒu xiē rén qíng 。,5.93
C:\Users\aena zam\Downloads\speaker dataset mandarin\chao_hua_si_she\chao_hua_si_she_0556.wav,3,木莲有莲房一般的果实，何首乌有拥肿的根。,mù lián yǒu lián fáng yī bān dì guǒ shí ， hé shǒu wū yǒu yǒng zhǒng dì gēn 。,4.5
C:\Users\aena zam\Downloads\speaker dataset mandarin\chao_hua_si_she\chao_hua_si_she_0567.wav,4,门外象是风雨声。他正抖作一团时，却听得豁的一声，,mén wài xiàng shì fēng yǔ shēng 。 tā zhèng dǒu zuò yī tuán shí ， què tìng děi hu,5.35
C:\Users\aena zam\Downloads\speaker dataset mandarin\chao_hua_si_she\chao_hua_si_she_0569.wav,2,后来呢？后来，老和尚说，这是飞蜈蚣，,hòu lái ní ？ hòu lái ， lǎo hé shàng shuō ， zhè shì fēi wú gōng ，,5.4
C:\Users\aena zam\Downloads\speaker dataset mandarin\chao_hua_si_she\chao_hua_si_she_0570.wav,3,它能吸蛇的脑髓，美女蛇就被它治死了。,tā néng xī shé dì nǎo suǐ ， měi nǚ shé jiù bèi tā zhì sǐ liào 。,5.29
C:\Users\aena zam\Downloads\speaker dataset mandarin\chao_hua_si_she\chao_hua_si_she_0595.wav,4,名曰“怪哉”，冤气所化，用酒一浇，就消释了。,míng yuē guài zāi ， yuān qì suǒ huà ， yòng jiǔ yī jiāo ， jiù xiāo shì liào 。,5.78
C:\Users\aena zam\Downloads\speaker dataset mandarin\chao_hua_si_she\chao_hua_si_she_0610.wav,1,于是大家放开喉咙读一阵书，真是人声鼎沸。,yú shì dà jiā fàng kāi hóu lóng dú yī zhèn shū ， zhēn shi rén shēng dǐng fèi 。,5.33
C:\Users\aena zam\Downloads\speaker dataset mandarin\chao_hua_si_she\chao_hua_si_she_0614.wav,1,——“铁如意，指挥倜傥，一座皆惊呢～～；,— — tiě rú yì ， zhǐ huī tì tǎng ， yī zuò jiē jīng ní ；,5.78
C:\Users\aena zam\Downloads\speaker dataset mandarin\chao_hua_si_she\chao_hua_si_she_0627.wav,4,那病家似乎很有钱，第二天又来请了。,nuó bìng jiā sì hū hěn yǒu qián ， dì èr tiān yòu lái qǐng liào 。,4.47
C:\Users\aena zam\Downloads\speaker dataset mandarin\chao_hua_si_she\chao_hua_si_she_0636.wav,3,可是诊金却已经是一元四角。,kě shì zhěn jīn què yǐ jīng shì yī yuán sì jiǎo 。,3.79
C:\Users\aena zam\Downloads\speaker dataset mandarin\chao_hua_si_she\chao_hua_si_she_0656.wav,4,和自己完全脱了干系。但另外有什么法子呢？,hé zì jǐ wán quán tuō liào gān xì 。 dàn lìng wài yǒu shén me fǎ zi ní ？,5.01
C:\Users\aena zam\Downloads\speaker dataset mandarin\chao_hua_si_she\chao_hua_si_she_0666.wav,4,临末才记起了那远房的叔祖，爱种一点花木的老人，跑去一问，,lín mò cái jì qǐ liào nuó yuǎn fáng dì shū zǔ ， ài zhǒng yī diǎn huā mù dì lǎo r,5.86
C:\Users\aena zam\Downloads\speaker dataset mandarin\chao_hua_si_she\chao_hua_si_she_0669.wav,2,药引寻到了，然而还有一种特别的丸药：败鼓皮丸。,yào yǐn xún dào liào ， rán ér hái yǒu yī zhǒng tè bié dì wán yào ： bài gǔ pí wán,6.0
C:\Users\aena zam\Downloads\speaker dataset mandarin\chao_hua_si_she\chao_hua_si_she_0673.wav,4,离我家就有五里，但这却不象平地木那样，必须暗中摸索了，,lí wǒ jiā jiù yǒu wǔ lǐ ， dàn zhè què bù xiàng píng dì mù nà yàng ， bì xū àn zhō,5.97
C:\Users\aena zam\Downloads\speaker dataset mandarin\chao_hua_si_she\chao_hua_si_she_0680.wav,1,连医生自己也说道：“西医长于外科，中医长于内科。”,lián yī shēng zì jǐ yě shuō dao ： xī yī cháng yú wài kē ， zhōng yī cháng yú nèi ,5.86
C:\Users\aena zam\Downloads\speaker dataset mandarin\chao_hua_si_she\chao_hua_si_she_0681.wav,2,因此无论什么，都只能由轩辕岐伯的嫡派门徒包办。,yīn cǐ wú lùn shén me ， dū zhǐ néng yóu xuān yuán qí bó dì dí pài mén tú bāo bàn,5.53
C:\Users\aena zam\Downloads\speaker dataset mandarin\chao_hua_si_she\chao_hua_si_she_0683.wav,4,这就是中国人的“命”，连名医也无从医治的。,zhè jiù shì zhōng guó rén dì mìng ， lián míng yī yě wú cóng yī zhì dì 。,5.74
C:\Users\aena zam\Downloads\speaker dataset mandarin\chao_hua_si_she\chao_hua_si_she_0689.wav,1,听说他现在还康健，一面行医，一面还做中医什么学报，,tīng shuō tā xiàn zài huán kāng jiàn ， yī miàn xíng yī ， yī miàn huán zuò zhōng ,5.59
C:\Users\aena zam\Downloads\speaker dataset mandarin\chao_hua_si_she\chao_hua_si_she_0716.wav,2,我看那书上画着房屋，,wǒ kàn nuó shū shàng huà zhuó fáng wū ，,2.2
C:\Users\aena zam\Downloads\speaker dataset mandarin\chao_hua_si_she\chao_hua_si_she_0721.wav,4,但正在旋着的阿祥，忽然跌倒了，,dàn zhèng zài xuán zháo dì ā xiáng ， hū rán diē dǎo liào ，,3.57
C:\Users\aena zam\Downloads\speaker dataset mandarin\chao_hua_si_she\chao_hua_si_she_0723.wav,2,虽然如此，孩子们总还喜欢到她那里去。,suī rán rú cǐ ， hái zi men zǒng huán xǐ huan dào tā nà li qù 。,4.17
C:\Users\aena zam\Downloads\speaker dataset mandarin\chao_hua_si_she\chao_hua_si_she_0725.wav,4,坏的是没有药擦，还添几个栗凿和一通骂。,huài dì shì méi yǒu yào cā ， huán tiān jǐ ge lì záo hé yī tōng mà 。,4.43
C:\Users\aena zam\Downloads\speaker dataset mandarin\chao_hua_si_she\chao_hua_si_she_0730.wav,3,我说没有首饰，她却道，“也许你没有留心。,wǒ shuō méi yǒu shǒu shì ， tā què dào ， yě xǔ nǐ méi yǒu liú xīn 。,4.13
C:\Users\aena zam\Downloads\speaker dataset mandarin\chao_hua_si_she\chao_hua_si_she_0732.wav,4,这些话我听去似乎很异样，便又不到她那里去了，,zhè xiē huà wǒ tìng qù sì hū hěn yì yàng ， pián yòu bù dào tā nà li qù liào ，,5.23
C:\Users\aena zam\Downloads\speaker dataset mandarin\chao_hua_si_she\chao_hua_si_she_0733.wav,4,但有时又真想去打开大厨，细细地寻一寻。,dàn yǒu shí yòu zhēn xiǎng qù dǎ kāi dà chú ， xì xì dì xún yī xún 。,4.9
C:\Users\aena zam\Downloads\speaker dataset mandarin\chao_hua_si_she\chao_hua_si_she_0735.wav,2,这实在使我觉得有如掉在冷水里。流言的来源，我是明白的，,zhè shí zài shǐ wǒ jué de yǒu rú diào zài lěng shuǐ lǐ 。 liú yán dì lái yuán ， w,5.89
C:\Users\aena zam\Downloads\speaker dataset mandarin\chao_hua_si_she\chao_hua_si_she_0748.wav,4,很象《封神榜》上“太极阵”、“混元阵”一类的名目。,hěn xiàng fēng shén bǎng shàng tài jí zhèn 、 hùn yuán zhèn yī lèi dì míng mù 。,4.65
C:\Users\aena zam\Downloads\speaker dataset mandarin\chao_hua_si_she\chao_hua_si_she_0757.wav,4,这一种螃蟹式的名公巨卿，现在都阔别得很久了，,zhè yī zhǒng páng xiè shì dì míng gōng jù qīng ， xiàn zài dū kuò bié děi hěn jiǔ,4.96
C:\Users\aena zam\Downloads\speaker dataset mandarin\chao_hua_si_she\chao_hua_si_she_0762.wav,4,便可以近看狮子山，远眺莫愁湖，——但究竟,pián kě yǐ jìn kàn shī zi shān ， yuǎn tiào mò chóu hú ， — — dàn jiū jìng,5.58
C:\Users\aena zam\Downloads\speaker dataset mandarin\chao_hua_si_she\chao_hua_si_she_0763.wav,4,是否真可以眺得那么远，我现在可委实有点记不清楚了。,shì fǒu zhēn kě yǐ tiào dé nà me yuàn ， wǒ xiàn zài kè wěi shí yǒu diǎn jì bù qī,5.48
C:\Users\aena zam\Downloads\speaker dataset mandarin\chao_hua_si_she\chao_hua_si_she_0768.wav,4,炉口上方横写着四个大字道：“敬惜字纸”。,lú kǒu shàng fāng héng xiě zhuó sì gè dà zì dào ： jìng xī zì zhǐ 。,4.45
C:\Users\aena zam\Downloads\speaker dataset mandarin\chao_hua_si_she\chao_hua_si_she_0781.wav,2,此外还有所谓格致、地学、金石学、都非常新鲜。,cǐ wài hái yǒu suǒ wèi gé zhì 、 dì xué 、 jīn shí xué 、 dū fēi cháng xīn xiān 。,5.83
C:\Users\aena zam\Downloads\speaker dataset mandarin\chao_hua_si_she\chao_hua_si_she_0790.wav,4,计惟有天造草昧”,jì wéi yǒu tiān zào cǎo mèi,3.59
C:\Users\aena zam\Downloads\speaker dataset mandarin\chao_hua_si_she\chao_hua_si_she_0793.wav,4,学堂里又设立了一个阅报处，《时务报》不待言，还有《译学汇编》，,xué táng lǐ yòu shè lì liào yī gè yuè bào chù ， shí wù bào bù dài yán ， hái yǒu ,5.89
C:\Users\aena zam\Downloads\speaker dataset mandarin\chao_hua_si_she\chao_hua_si_she_0798.wav,4,仍然自己不觉得有什么“不对”，一有闲空，就照例地吃侉饼、,réng rán zì jǐ bù jué de yǒu shén me bù duì ， yī yǒu xián kòng ， jiù zhào lì dì ,5.59
C:\Users\aena zam\Downloads\speaker dataset mandarin\chao_hua_si_she\chao_hua_si_she_0803.wav,4,二、他们觉得开煤矿并不难。,èr 、 tā men jué de kāi méi kuàng bìng bù nán 。,3.36
C:\Users\aena zam\Downloads\speaker dataset mandarin\chao_hua_si_she\chao_hua_si_she_0805.wav,1,就是抽了水掘煤，掘出煤来抽水，结一笔出入两清的账。,jiù shì chōu liào shuǐ jué méi ， jué chū méi lái chōu shuǐ ， jié yī bǐ chū rù li,5.83
C:\Users\aena zam\Downloads\speaker dataset mandarin\chao_hua_si_she\chao_hua_si_she_0811.wav,2,铜、铁、锡来么？,tóng 、 tiě 、 xí lái me ？,2.9
C:\Users\aena zam\Downloads\speaker dataset mandarin\chao_hua_si_she\chao_hua_si_she_0813.wav,4,爬上天空二十丈和钻下地面二十丈，结果还是一无所能，,pá shàng tiān kōng èr shí zhàng hé zuàn xià dì miàn èr shí zhàng ， jié guǒ hái s,5.43
C:\Users\aena zam\Downloads\speaker dataset mandarin\chao_hua_si_she\chao_hua_si_she_0816.wav,4,其中的一个因为祖母哭得死去活来，不去了，只剩了四个。,qí zhōng dì yī gè yīn wèi zǔ mǔ kū děi sǐ qù huó lái ， bù qù liào ， zhī shèng li,5.97
C:\Users\aena zam\Downloads\speaker dataset mandarin\chao_hua_si_she\chao_hua_si_she_0817.wav,4,日本是同中国很两样的，我们应该如何准备呢？,rì běn shì tòng zhōng guó hěn liǎng yàng dì ， wǒ men yīng gāi rú hé zhǔn bèi ní ,4.59
C:\Users\aena zam\Downloads\speaker dataset mandarin\chao_hua_si_she\chao_hua_si_she_0826.wav,2,但花下也缺不了成群结队的“清国留学生”的速成班，,dàn huā xià yě quē bù liǎo chéng qún jié duì dì qīng guó liú xué shēng dì sù ché,4.62
C:\Users\aena zam\Downloads\speaker dataset mandarin\chao_hua_si_she\chao_hua_si_she_0830.wav,4,里面的几间洋房里倒也还可以坐坐的。,lǐ miàn dì jī jiān yáng fáng lǐ dào yě huán kě yǐ zuò zuò dì 。,3.71
C:\Users\aena zam\Downloads\speaker dataset mandarin\chao_hua_si_she\chao_hua_si_she_0833.wav,2,如何呢？我就往仙台的医学专门学校去。,rú hé ní ？ wǒ jiù wǎng xiān tái dì yī xué zhuān mén xué xiào qù 。,5.2
C:\Users\aena zam\Downloads\speaker dataset mandarin\chao_hua_si_she\chao_hua_si_she_0841.wav,4,后来用被盖了全身，用衣服包了头脸，只留两个鼻孔出气。,hòu lái yòng bèi gài liào quán shēn ， yòng yī fu bāo liào tou liǎn ， zhǐ liú liǎ,5.95
C:\Users\aena zam\Downloads\speaker dataset mandarin\chao_hua_si_she\chao_hua_si_she_0848.wav,2,挟着一迭大大小小的书。,xié zháo yī dié dà dà xiǎo xiǎo dì shū 。,2.76
C:\Users\aena zam\Downloads\speaker dataset mandarin\chao_hua_si_she\chao_hua_si_she_0851.wav,4,他接着便讲述解剖学在日本发达的历史，,tā jiē zhe pián jiǎng shù jiě pōu xué zài rì běn fā dá dì lì shǐ ，,3.8
C:\Users\aena zam\Downloads\speaker dataset mandarin\chao_hua_si_she\chao_hua_si_she_0856.wav,4,冬天是一件旧外套，寒颤颤的，,dōng tiān shì yī jiàn jiù wài tào ， hán zhàn chàn dì ，,3.95
C:\Users\aena zam\Downloads\speaker dataset mandarin\chao_hua_si_she\chao_hua_si_she_0859.wav,1,过了一星期，大约是星期六，他使助手来叫我了。,guo liào yī xīng qī ， dà yuē shì xīng qī liù ， tā shǐ zhù shǒu lái jiào wǒ liào ,5.02
C:\Users\aena zam\Downloads\speaker dataset mandarin\chao_hua_si_she\chao_hua_si_she_0861.wav,4,后来有一篇论文在本校的杂志上发表出来。,hòu lái yǒu yī piān lùn wén zài běn xiào dì zá zhì shàng fā biǎo chu lai 。,5.68
C:\Users\aena zam\Downloads\speaker dataset mandarin\chao_hua_si_she\chao_hua_si_she_0872.wav,4,实物是那么样的，我们没法改换它。,shí wù shì nà me yáng dì ， wǒ men méi fǎ gǎi huàn tā 。,3.88
C:\Users\aena zam\Downloads\speaker dataset mandarin\chao_hua_si_she\chao_hua_si_she_0874.wav,1,口头答应着，心里却想道：,kǒu tóu dā ying zhuó ， xīn li què xiǎng dào ：,3.44
C:\Users\aena zam\Downloads\speaker dataset mandarin\chao_hua_si_she\chao_hua_si_she_0877.wav,4,同学一百余人之中，我在中间，不过是没有落第。,tóng xué yī bǎi yú rén zhī zhōng ， wǒ zài zhōng jiān ， bù guò shì méi yǒu luò dì,4.87
C:\Users\aena zam\Downloads\speaker dataset mandarin\chao_hua_si_she\chao_hua_si_she_0890.wav,4,末尾是匿名。我这才回忆到前几天的一件事。,mò wěi shì nì míng 。 wǒ zhè cái huí yì dào qián jǐ tiān dì yī jiàn shì 。,5.38
C:\Users\aena zam\Downloads\speaker dataset mandarin\chao_hua_si_she\chao_hua_si_she_0896.wav,4,干事却又竭力运动，要收回那一封匿名信去。,gàn shi què yòu jié lì yùn dòng ， yào shōu huí nuó yī fēng nì míng xìn qù 。,4.55
C:\Users\aena zam\Downloads\speaker dataset mandarin\chao_hua_si_she\chao_hua_si_she_0904.wav,4,但在我，这一声却特别听得刺耳。,dàn zài wǒ ， zhè yī shēng què tè bié tīng dé cì ěr 。,3.55
C:\Users\aena zam\Downloads\speaker dataset mandarin\chao_hua_si_she\chao_hua_si_she_0915.wav,3,说起，所以虽然有时想写信，却又难以下笔，,shuō qǐ ， suǒ yǐ suī rán yǒu shí xiǎng xiě xìn ， què yòu nán yǐ xià bǐ ，,4.85
C:\Users\aena zam\Downloads\speaker dataset mandarin\chao_hua_si_she\chao_hua_si_she_0916.wav,4,这样的一直到现在，竟没有寄过一封信和一张照片。,zhè yàng dì yī zhí dào xiàn zài ， jìng méi yǒu jì guò yī fēng xìn hé yī zhāng zh,5.36
C:\Users\aena zam\Downloads\speaker dataset mandarin\chao_hua_si_she\chao_hua_si_she_0925.wav,1,每当夜间疲倦，正想偷懒时，,měi dāng yè jiān pí juàn ， zhèng xiǎng tōu lǎn shí ，,2.86
C:\Users\aena zam\Downloads\speaker dataset mandarin\chao_hua_si_she\chao_hua_si_she_0931.wav,4,一天早晨，辟头就看见一条从中国来的电报，大概是：,yī tiān zǎo chén ， pì tóu jiù kàn jiàn yī tiáo zòng zhōng guó lái dì diàn bào ， ,5.16
C:\Users\aena zam\Downloads\speaker dataset mandarin\chao_hua_si_she\chao_hua_si_she_0935.wav,4,徐锡麟是被挖了心，给恩铭的亲兵炒食净尽。,xú xí lín shì bèi wā liào xīn ， jǐ ēn míng dì qīn bīng chǎo shí jìng jìn 。,5.03
C:\Users\aena zam\Downloads\speaker dataset mandarin\chao_hua_si_she\chao_hua_si_she_0941.wav,4,到这时才打听别人：说这话的是谁呢，有那么冷？,dào zhè shí cái dǎ ting bié ren ： shuō zhè huà dì shì shéi ní ， yǒu nà me lěng ？,4.93
C:\Users\aena zam\Downloads\speaker dataset mandarin\chao_hua_si_she\chao_hua_si_she_0945.wav,4,结果是他不做，我也不做，不知谁承认做去了；,jié guǒ shì tā bù zuò ， wǒ yě bù zuò ， bù zhī shéi chéng rèn zuò qù liào ；,4.72
C:\Users\aena zam\Downloads\speaker dataset mandarin\chao_hua_si_she\chao_hua_si_she_0954.wav,4,现在是躲在乡下，教着几个小学生糊口。,xiàn zài shì duǒ zài xiāng xia ， jiào zháo jǐ ge xiǎo xué shēng hú kǒu 。,4.09
C:\Users\aena zam\Downloads\speaker dataset mandarin\chao_hua_si_she\chao_hua_si_she_0957.wav,1,一天我忽而记起在东京开同乡会时的旧事，便问他：,yī tiān wǒ hū ér jì qǐ zài dōng jīng kāi tóng xiāng huì shí dì jiù shì ， pián wè,5.37
C:\Users\aena zam\Downloads\speaker dataset mandarin\chao_hua_si_she\chao_hua_si_she_0961.wav,3,我很不满，心里想，这些鸟男人，怎么带这东西来呢。,wǒ hěn bù mǎn ， xīn li xiǎng ， zhè xiē niǎo nán rén ， zěn me dài zhè dōng xi lái,5.87
C:\Users\aena zam\Downloads\speaker dataset mandarin\chao_hua_si_she\chao_hua_si_she_0971.wav,1,忽然是武昌起义，接着是绍兴光复。,hū rán shì wǔ chāng qǐ yì ， jiē zhe shì shào xīng guāng fù 。,3.87
C:\Users\aena zam\Downloads\speaker dataset mandarin\chao_hua_si_she\chao_hua_si_she_1012.wav,4,现在知道是错了，“胡”应作“祜”，,xiàn zài zhī dào shì cuò liào ， hú yìng zuò hù ，,3.36
C:\Users\aena zam\Downloads\speaker dataset mandarin\chao_hua_si_she\chao_hua_si_she_1014.wav,4,隋将军麻祜，性酷虐，,suí jiāng jūn má hù ， xìng kù nuè ，,2.84
C:\Users\aena zam\Downloads\speaker dataset mandarin\chao_hua_si_she\chao_hua_si_she_1015.wav,2,蕃中皆畏惮，其国婴儿啼者，以〖王比〗怖之则止。,fán zhòng jiē wèi dàn ， qí guó yīng ér tí zhě ， yǐ wáng bǐ bù zhī zé zhǐ 。,5.68
C:\Users\aena zam\Downloads\speaker dataset mandarin\chao_hua_si_she\chao_hua_si_she_1016.wav,4,况《魏志》载张文远辽来之明证乎？,kuàng wèi zhì zài zhāng wén yuǎn liáo lái zhī míng zhèng hū ？,3.79
C:\Users\aena zam\Downloads\speaker dataset mandarin\chao_hua_si_she\chao_hua_si_she_1025.wav,4,这位肃州胡老先生的勇决，委实令我佩服了。,zhè wèi sù zhōu hú lǎo xiān shēng dì yǒng jué ， wěi shí lìng wǒ pèi fú liào 。,4.35
C:\Users\aena zam\Downloads\speaker dataset mandarin\chao_hua_si_she\chao_hua_si_she_1029.wav,4,尽孝无定形，行孝无定事。,jìn xiào wú dìng xíng ， xíng xiào wú dìng shì 。,3.77
C:\Users\aena zam\Downloads\speaker dataset mandarin\chao_hua_si_she\chao_hua_si_she_1034.wav,4,人重色而己重孝，卫道之盛心可谓至矣。,rén zhòng sè ér jǐ zhòng xiào ， wèi dào zhī shèng xīn kě wèi zhì yǐ 。,4.83
C:\Users\aena zam\Downloads\speaker dataset mandarin\chao_hua_si_she\chao_hua_si_she_1043.wav,2,这是有几个人以评“郭巨埋儿”和“李娥投炉”的事的。,zhè shì yǒu jǐ ge rén yǐ píng guō jù mái ér hé lǐ é tóu lú dì shì dì 。,5.76
C:\Users\aena zam\Downloads\speaker dataset mandarin\chao_hua_si_she\chao_hua_si_she_1044.wav,4,至于人心，有几点确也似乎正在浇漓起来。,zhì yú rén xīn ， yǒu jǐ diǎn què yě sì hū zhèng zài jiāo lí qi lai 。,4.45
C:\Users\aena zam\Downloads\speaker dataset mandarin\chao_hua_si_she\chao_hua_si_she_1046.wav,4,现在是连“以正人心而厚风俗”的《百孝图》上也加上了。,xiàn zài shì lián yǐ zhèng rén xīn ér hòu fēng sú dì bǎi xiào tú shàng yě jiā sh,5.47
C:\Users\aena zam\Downloads\speaker dataset mandarin\chao_hua_si_she\chao_hua_si_she_1053.wav,4,但这一个“抱”字却发生过问题。,dàn zhè yī gè bào zì què fā shēng guo wèn tí 。,4.78
C:\Users\aena zam\Downloads\speaker dataset mandarin\chao_hua_si_she\chao_hua_si_she_1054.wav,4,我幼小时候，在故乡曾经听到老年人这样讲：－－,wǒ yòu xiǎo shí hou ， zài gù xiāng céng jīng tīng dào lǎo nián rén zhè yàng jiǎn,5.33
C:\Users\aena zam\Downloads\speaker dataset mandarin\chao_hua_si_she\chao_hua_si_she_1055.wav,4,“死了的曹娥，和她父亲的尸体，最初是面对面抱着浮上来的。,sǐ liào dì cáo é ， hé tā fù qīn dì shī tǐ ， zuì chū shì miàn duì miàn bào zhuó f,5.79
C:\Users\aena zam\Downloads\speaker dataset mandarin\chao_hua_si_she\chao_hua_si_she_1058.wav,2,在礼义之邦里，连一个年幼－－呜呼，“娥年十四”而已,zài lǐ yì zhī bāng lǐ ， lián yī gè nián yòu － － wū hū ， é nián shí sì ér yǐ,5.26
C:\Users\aena zam\Downloads\speaker dataset mandarin\chao_hua_si_she\chao_hua_si_she_1064.wav,4,那应付的方法，十之九是“哭”和“拜”。,nuó yìng fu dì fāng fǎ ， shí zhī jiǔ shì kū hé bài 。,5.67
C:\Users\aena zam\Downloads\speaker dataset mandarin\chao_hua_si_she\chao_hua_si_she_1072.wav,3,还有老莱子的“戏彩娱亲”，,hái yǒu lǎo lái zǐ dì xì cǎi yú qīn ，,2.37
C:\Users\aena zam\Downloads\speaker dataset mandarin\chao_hua_si_she\chao_hua_si_she_1077.wav,4,画的是“著五色斑斓之衣为婴儿戏于亲侧”这一段；,huà dì shì zhù wǔ sè bān lán zhī yī wèi yīng ér xì yú qīn cè zhè yī duàn ；,5.4
C:\Users\aena zam\Downloads\speaker dataset mandarin\chao_hua_si_she\chao_hua_si_she_1078.wav,4,手里捏着“摇咕咚”，就是“婴儿戏”这三个字的点题。,shǒu lǐ niē zhuó yáo gū dōng ， jiù shì yīng ér xì zhè sān gè zì dì diǎn tí 。,4.81
C:\Users\aena zam\Downloads\speaker dataset mandarin\chao_hua_si_she\chao_hua_si_she_1081.wav,4,无画人姓名，但是双料画法，一面“诈跌卧地”，,wú huà rén xìng míng ， dàn shì shuāng liào huà fǎ ， yī miàn zhà diē wò dì ，,4.52
C:\Users\aena zam\Downloads\speaker dataset mandarin\chao_hua_si_she\chao_hua_si_she_1085.wav,4,孩子对父母撒娇可以看得有趣，若是成人，便未免有些不顺眼。,hái zi duì fù mǔ sā jiāo kě yǐ kàn děi yǒu qù ， ruò shì chéng rén ， pián wèi miǎ,5.78
C:\Users\aena zam\Downloads\speaker dataset mandarin\chao_hua_si_she\chao_hua_si_she_1094.wav,2,嵇康的，还是皇甫谧的？也还是手头没有书，无从查考。,jī kāng dì ， hái shi huáng fǔ mì dì ？ yě hái shi shǒu tóu méi yǒu shū ， wú cóng ,5.98
C:\Users\aena zam\Downloads\speaker dataset mandarin\chao_hua_si_she\chao_hua_si_she_1099.wav,4,而老莱子在父母面前弄孩子的玩具，也比弄小禽鸟更自然。,ér lǎo lái zǐ zài fù mǔ miàn qián lòng hái zi dì wán jù ， yě bì lòng xiǎo qín ni,5.53
C:\Users\aena zam\Downloads\speaker dataset mandarin\chao_hua_si_she\chao_hua_si_she_1100.wav,2,后来中绝，便只残存于日本了。,hòu lái zhōng jué ， pián zhī cán cún yú rì běn liào 。,3.77
C:\Users\aena zam\Downloads\speaker dataset mandarin\chao_hua_si_she\chao_hua_si_she_1117.wav,4,现在就预先辩解几句在这里存案。,xiàn zài jiù yù xiān biàn jiě jī jù zài zhè lǐ cún àn 。,3.31
C:\Users\aena zam\Downloads\speaker dataset mandarin\chao_hua_si_she\chao_hua_si_she_1127.wav,4,那么，倘有一个素衣高帽的东西，不问他胡子之有无，,nà me ， tǎng yǒu yī gè sù yī gāo mào dì dōng xi ， bù wèn tā hú zi zhī yǒu wú ，,4.81
C:\Users\aena zam\Downloads\speaker dataset mandarin\chao_hua_si_she\chao_hua_si_she_1142.wav,4,因为他一到，这时候，也就可见“活无常”。,yīn wèi tā yī dào ， zhè shí hòu ， yě jiù kě jiàn huó wú cháng 。,4.88
C:\Users\aena zam\Downloads\speaker dataset mandarin\chao_hua_si_she\chao_hua_si_she_1145.wav,2,但从此便和“活无常”隐然相混了。,dàn cóng cǐ pián hé huó wú cháng yǐn rán xiāng hùn liào 。,4.97
C:\Users\aena zam\Downloads\speaker dataset mandarin\chao_hua_si_she\chao_hua_si_she_1146.wav,4,所以站在阶下。既有了生魂入冥的“阳无常”，,suǒ yǐ zhàn zài jiē xià 。 jì yǒu liào shēng hún rù míng dì yáng wú cháng ，,4.88
